PART A START 2026-07-25 05:11:54
==========================================================
[sweep] tag=10  λ=1.0  ckpt=baseline_diffusion.ckpt  -> /home/rils/dlacksdn/2026_Inha_AI_challenge_WM/artifacts/m3/partA/cfg10
==========================================================
AE working on z of shape (1, 4, 32, 32) = 4096 dimensions.
Baseline Video Generation: Switched to EMA weights
Baseline Video Generation: Restored training weights
[generate] wrote predictions for 1/96 samples
Baseline Video Generation: Switched to EMA weights
Baseline Video Generation: Restored training weights
[generate] wrote predictions for 2/96 samples
Baseline Video Generation: Switched to EMA weights
Baseline Video Generation: Restored training weights
[generate] wrote predictions for 3/96 samples
Baseline Video Generation: Switched to EMA weights
Baseline Video Generation: Restored training weights
[generate] wrote predictions for 4/96 samples
Baseline Video Generation: Switched to EMA weights
Baseline Video Generation: Restored training weights
[generate] wrote predictions for 5/96 samples
Baseline Video Generation: Switched to EMA weights
Baseline Video Generation: Restored training weights
[generate] wrote predictions for 6/96 samples
Baseline Video Generation: Switched to EMA weights
Baseline Video Generation: Restored training weights
[generate] wrote predictions for 7/96 samples
Baseline Video Generation: Switched to EMA weights
Baseline Video Generation: Restored training weights
[generate] wrote predictions for 8/96 samples
Baseline Video Generation: Switched to EMA weights
Baseline Video Generation: Restored training weights
[generate] wrote predictions for 9/96 samples
Baseline Video Generation: Switched to EMA weights
Baseline Video Generation: Restored training weights
[generate] wrote predictions for 10/96 samples
Baseline Video Generation: Switched to EMA weights
Baseline Video Generation: Restored training weights
[generate] wrote predictions for 11/96 samples
Baseline Video Generation: Switched to EMA weights
Baseline Video Generation: Restored training weights
[generate] wrote predictions for 12/96 samples
Baseline Video Generation: Switched to EMA weights
Baseline Video Generation: Restored training weights
[generate] wrote predictions for 13/96 samples
Baseline Video Generation: Switched to EMA weights
Baseline Video Generation: Restored training weights
[generate] wrote predictions for 14/96 samples
Baseline Video Generation: Switched to EMA weights
Baseline Video Generation: Restored training weights
[generate] wrote predictions for 15/96 samples
Baseline Video Generation: Switched to EMA weights
Baseline Video Generation: Restored training weights
[generate] wrote predictions for 16/96 samples
Baseline Video Generation: Switched to EMA weights
Baseline Video Generation: Restored training weights
[generate] wrote predictions for 17/96 samples
Baseline Video Generation: Switched to EMA weights
Baseline Video Generation: Restored training weights
[generate] wrote predictions for 18/96 samples
Baseline Video Generation: Switched to EMA weights
Baseline Video Generation: Restored training weights
[generate] wrote predictions for 19/96 samples
Baseline Video Generation: Switched to EMA weights
Baseline Video Generation: Restored training weights
[generate] wrote predictions for 20/96 samples
Baseline Video Generation: Switched to EMA weights
Baseline Video Generation: Restored training weights
[generate] wrote predictions for 21/96 samples
Baseline Video Generation: Switched to EMA weights
Baseline Video Generation: Restored training weights
[generate] wrote predictions for 22/96 samples
Baseline Video Generation: Switched to EMA weights
Baseline Video Generation: Restored training weights
[generate] wrote predictions for 23/96 samples
Baseline Video Generation: Switched to EMA weights
Baseline Video Generation: Restored training weights
[generate] wrote predictions for 24/96 samples
Baseline Video Generation: Switched to EMA weights
Baseline Video Generation: Restored training weights
[generate] wrote predictions for 25/96 samples
Baseline Video Generation: Switched to EMA weights
Baseline Video Generation: Restored training weights
[generate] wrote predictions for 26/96 samples
Baseline Video Generation: Switched to EMA weights
Baseline Video Generation: Restored training weights
[generate] wrote predictions for 27/96 samples
Baseline Video Generation: Switched to EMA weights
Baseline Video Generation: Restored training weights
[generate] wrote predictions for 28/96 samples
Baseline Video Generation: Switched to EMA weights
Baseline Video Generation: Restored training weights
[generate] wrote predictions for 29/96 samples
Baseline Video Generation: Switched to EMA weights
Baseline Video Generation: Restored training weights
[generate] wrote predictions for 30/96 samples
Baseline Video Generation: Switched to EMA weights
Baseline Video Generation: Restored training weights
[generate] wrote predictions for 31/96 samples
Baseline Video Generation: Switched to EMA weights
Baseline Video Generation: Restored training weights
[generate] wrote predictions for 32/96 samples
Baseline Video Generation: Switched to EMA weights
Baseline Video Generation: Restored training weights
[generate] wrote predictions for 33/96 samples
Baseline Video Generation: Switched to EMA weights
Baseline Video Generation: Restored training weights
[generate] wrote predictions for 34/96 samples
Baseline Video Generation: Switched to EMA weights
Baseline Video Generation: Restored training weights
[generate] wrote predictions for 35/96 samples
Baseline Video Generation: Switched to EMA weights
Baseline Video Generation: Restored training weights
[generate] wrote predictions for 36/96 samples
Baseline Video Generation: Switched to EMA weights
Baseline Video Generation: Restored training weights
[generate] wrote predictions for 37/96 samples
Baseline Video Generation: Switched to EMA weights
Baseline Video Generation: Restored training weights
[generate] wrote predictions for 38/96 samples
Baseline Video Generation: Switched to EMA weights
Baseline Video Generation: Restored training weights
[generate] wrote predictions for 39/96 samples
Baseline Video Generation: Switched to EMA weights
Baseline Video Generation: Restored training weights
[generate] wrote predictions for 40/96 samples
Baseline Video Generation: Switched to EMA weights
Baseline Video Generation: Restored training weights
[generate] wrote predictions for 41/96 samples
Baseline Video Generation: Switched to EMA weights
Baseline Video Generation: Restored training weights
[generate] wrote predictions for 42/96 samples
Baseline Video Generation: Switched to EMA weights
Baseline Video Generation: Restored training weights
[generate] wrote predictions for 43/96 samples
Baseline Video Generation: Switched to EMA weights
Baseline Video Generation: Restored training weights
[generate] wrote predictions for 44/96 samples
Baseline Video Generation: Switched to EMA weights
Baseline Video Generation: Restored training weights
[generate] wrote predictions for 45/96 samples
Baseline Video Generation: Switched to EMA weights
Baseline Video Generation: Restored training weights
[generate] wrote predictions for 46/96 samples
Baseline Video Generation: Switched to EMA weights
Baseline Video Generation: Restored training weights
[generate] wrote predictions for 47/96 samples
Baseline Video Generation: Switched to EMA weights
Baseline Video Generation: Restored training weights
[generate] wrote predictions for 48/96 samples
Baseline Video Generation: Switched to EMA weights
Baseline Video Generation: Restored training weights
[generate] wrote predictions for 49/96 samples
Baseline Video Generation: Switched to EMA weights
Baseline Video Generation: Restored training weights
[generate] wrote predictions for 50/96 samples
Baseline Video Generation: Switched to EMA weights
Baseline Video Generation: Restored training weights
[generate] wrote predictions for 51/96 samples
Baseline Video Generation: Switched to EMA weights
Baseline Video Generation: Restored training weights
[generate] wrote predictions for 52/96 samples
Baseline Video Generation: Switched to EMA weights
Baseline Video Generation: Restored training weights
[generate] wrote predictions for 53/96 samples
Baseline Video Generation: Switched to EMA weights
Baseline Video Generation: Restored training weights
[generate] wrote predictions for 54/96 samples
Baseline Video Generation: Switched to EMA weights
Baseline Video Generation: Restored training weights
[generate] wrote predictions for 55/96 samples
Baseline Video Generation: Switched to EMA weights
Baseline Video Generation: Restored training weights
[generate] wrote predictions for 56/96 samples
Baseline Video Generation: Switched to EMA weights
Baseline Video Generation: Restored training weights
[generate] wrote predictions for 57/96 samples
Baseline Video Generation: Switched to EMA weights
Baseline Video Generation: Restored training weights
[generate] wrote predictions for 58/96 samples
Baseline Video Generation: Switched to EMA weights
Baseline Video Generation: Restored training weights
[generate] wrote predictions for 59/96 samples
Baseline Video Generation: Switched to EMA weights
Baseline Video Generation: Restored training weights
[generate] wrote predictions for 60/96 samples
Baseline Video Generation: Switched to EMA weights
Baseline Video Generation: Restored training weights
[generate] wrote predictions for 61/96 samples
Baseline Video Generation: Switched to EMA weights
Baseline Video Generation: Restored training weights
[generate] wrote predictions for 62/96 samples
Baseline Video Generation: Switched to EMA weights
Baseline Video Generation: Restored training weights
[generate] wrote predictions for 63/96 samples
Baseline Video Generation: Switched to EMA weights
Baseline Video Generation: Restored training weights
[generate] wrote predictions for 64/96 samples
Baseline Video Generation: Switched to EMA weights
Baseline Video Generation: Restored training weights
[generate] wrote predictions for 65/96 samples
Baseline Video Generation: Switched to EMA weights
Baseline Video Generation: Restored training weights
[generate] wrote predictions for 66/96 samples
Baseline Video Generation: Switched to EMA weights
Baseline Video Generation: Restored training weights
[generate] wrote predictions for 67/96 samples
Baseline Video Generation: Switched to EMA weights
Baseline Video Generation: Restored training weights
[generate] wrote predictions for 68/96 samples
Baseline Video Generation: Switched to EMA weights
Baseline Video Generation: Restored training weights
[generate] wrote predictions for 69/96 samples
Baseline Video Generation: Switched to EMA weights
Baseline Video Generation: Restored training weights
[generate] wrote predictions for 70/96 samples
Baseline Video Generation: Switched to EMA weights
Baseline Video Generation: Restored training weights
[generate] wrote predictions for 71/96 samples
Baseline Video Generation: Switched to EMA weights
Baseline Video Generation: Restored training weights
[generate] wrote predictions for 72/96 samples
Baseline Video Generation: Switched to EMA weights
Baseline Video Generation: Restored training weights
[generate] wrote predictions for 73/96 samples
Baseline Video Generation: Switched to EMA weights
Baseline Video Generation: Restored training weights
[generate] wrote predictions for 74/96 samples
Baseline Video Generation: Switched to EMA weights
Baseline Video Generation: Restored training weights
[generate] wrote predictions for 75/96 samples
Baseline Video Generation: Switched to EMA weights
Baseline Video Generation: Restored training weights
[generate] wrote predictions for 76/96 samples
Baseline Video Generation: Switched to EMA weights
Baseline Video Generation: Restored training weights
[generate] wrote predictions for 77/96 samples
Baseline Video Generation: Switched to EMA weights
Baseline Video Generation: Restored training weights
[generate] wrote predictions for 78/96 samples
Baseline Video Generation: Switched to EMA weights
Baseline Video Generation: Restored training weights
[generate] wrote predictions for 79/96 samples
Baseline Video Generation: Switched to EMA weights
Baseline Video Generation: Restored training weights
[generate] wrote predictions for 80/96 samples
Baseline Video Generation: Switched to EMA weights
Baseline Video Generation: Restored training weights
[generate] wrote predictions for 81/96 samples
Baseline Video Generation: Switched to EMA weights
Baseline Video Generation: Restored training weights
[generate] wrote predictions for 82/96 samples
Baseline Video Generation: Switched to EMA weights
Baseline Video Generation: Restored training weights
[generate] wrote predictions for 83/96 samples
Baseline Video Generation: Switched to EMA weights
Baseline Video Generation: Restored training weights
[generate] wrote predictions for 84/96 samples
Baseline Video Generation: Switched to EMA weights
Baseline Video Generation: Restored training weights
[generate] wrote predictions for 85/96 samples
Baseline Video Generation: Switched to EMA weights
Baseline Video Generation: Restored training weights
[generate] wrote predictions for 86/96 samples
Baseline Video Generation: Switched to EMA weights
Baseline Video Generation: Restored training weights
[generate] wrote predictions for 87/96 samples
Baseline Video Generation: Switched to EMA weights
Baseline Video Generation: Restored training weights
[generate] wrote predictions for 88/96 samples
Baseline Video Generation: Switched to EMA weights
Baseline Video Generation: Restored training weights
[generate] wrote predictions for 89/96 samples
Baseline Video Generation: Switched to EMA weights
Baseline Video Generation: Restored training weights
[generate] wrote predictions for 90/96 samples
Baseline Video Generation: Switched to EMA weights
Baseline Video Generation: Restored training weights
[generate] wrote predictions for 91/96 samples
Baseline Video Generation: Switched to EMA weights
Baseline Video Generation: Restored training weights
[generate] wrote predictions for 92/96 samples
Baseline Video Generation: Switched to EMA weights
Baseline Video Generation: Restored training weights
[generate] wrote predictions for 93/96 samples
Baseline Video Generation: Switched to EMA weights
Baseline Video Generation: Restored training weights
[generate] wrote predictions for 94/96 samples
Baseline Video Generation: Switched to EMA weights
Baseline Video Generation: Restored training weights
[generate] wrote predictions for 95/96 samples
Baseline Video Generation: Switched to EMA weights
Baseline Video Generation: Restored training weights
[generate] wrote predictions for 96/96 samples
/home/rils/dlacksdn/miniconda3/envs/wm/lib/python3.10/site-packages/torchvision/io/image.py:14: UserWarning: Failed to load image Python extension: 'libpng16.ca116d9f.so.16: cannot open shared object file: No such file or directory'If you don't plan on using image functionality from `torchvision.io`, you can ignore this warning. Otherwise, there might be something wrong with your environment. Did you have `libjpeg` or `libpng` installed before building `torchvision` from source?
  warn(
/home/rils/dlacksdn/miniconda3/envs/wm/lib/python3.10/site-packages/timm/models/layers/__init__.py:49: FutureWarning: Importing from timm.models.layers is deprecated, please import via timm.layers
  warnings.warn(f"Importing from {__name__} is deprecated, please import via timm.layers", FutureWarning)
/home/rils/inha_challenge_datasets/baseline/challenge_kit/scripts/inference/generate_baseline_videos.py:82: FutureWarning: `torch.cuda.amp.autocast(args...)` is deprecated. Please use `torch.amp.autocast('cuda', args...)` instead.
  amp_context = torch.cuda.amp.autocast() if args.precision == 16 and device.type == "cuda" else nullcontext()
/home/rils/dlacksdn/miniconda3/envs/wm/lib/python3.10/site-packages/torchvision/io/_video_deprecation_warning.py:5: UserWarning: The video decoding and encoding capabilities of torchvision are deprecated from version 0.22 and will be removed in version 0.24. We recommend that you migrate to TorchCodec, where we'll consolidate the future decoding/encoding capabilities of PyTorch: https://github.com/pytorch/torchcodec
  warnings.warn(
[sweep] 생성 완료: 96 mp4, 347s
[m0] 채점 모델 로딩 (submission_kit=open/submission_kit) ...
Downloading: "https://download.pytorch.org/models/r3d_18-b3b3357e.pth" to /home/rils/dlacksdn/2026_Inha_AI_challenge_WM/.cache/torch/hub/checkpoints/r3d_18-b3b3357e.pth
/home/rils/dlacksdn/miniconda3/envs/wm/lib/python3.10/site-packages/torchvision/io/image.py:14: UserWarning: Failed to load image Python extension: 'libpng16.ca116d9f.so.16: cannot open shared object file: No such file or directory'If you don't plan on using image functionality from `torchvision.io`, you can ignore this warning. Otherwise, there might be something wrong with your environment. Did you have `libjpeg` or `libpng` installed before building `torchvision` from source?
  warn(

  0%|          | 0.00/127M [00:00<?, ?B/s]
  0%|          | 128k/127M [00:00<01:51, 1.20MB/s]
  0%|          | 256k/127M [00:00<01:52, 1.18MB/s]
  0%|          | 384k/127M [00:00<01:53, 1.18MB/s]
  0%|          | 512k/127M [00:00<01:58, 1.12MB/s]
  0%|          | 640k/127M [00:00<01:56, 1.14MB/s]
  1%|          | 768k/127M [00:00<01:57, 1.13MB/s]
  1%|          | 896k/127M [00:00<01:56, 1.14MB/s]
  1%|          | 1.00M/127M [00:00<01:55, 1.15MB/s]
  1%|          | 1.12M/127M [00:01<01:54, 1.16MB/s]
  1%|          | 1.25M/127M [00:01<01:54, 1.16MB/s]
  1%|          | 1.38M/127M [00:01<01:53, 1.16MB/s]
  1%|          | 1.50M/127M [00:01<01:52, 1.17MB/s]
  1%|▏         | 1.62M/127M [00:01<01:52, 1.17MB/s]
  1%|▏         | 1.75M/127M [00:01<01:52, 1.17MB/s]
  1%|▏         | 1.88M/127M [00:01<01:52, 1.17MB/s]
  2%|▏         | 2.00M/127M [00:01<01:52, 1.17MB/s]
  2%|▏         | 2.12M/127M [00:01<01:52, 1.17MB/s]
  2%|▏         | 2.25M/127M [00:02<01:51, 1.17MB/s]
  2%|▏         | 2.38M/127M [00:02<01:51, 1.17MB/s]
  2%|▏         | 2.50M/127M [00:02<01:51, 1.17MB/s]
  2%|▏         | 2.62M/127M [00:02<01:55, 1.13MB/s]
  2%|▏         | 2.75M/127M [00:02<01:54, 1.14MB/s]
  2%|▏         | 2.88M/127M [00:02<01:53, 1.15MB/s]
  2%|▏         | 3.00M/127M [00:02<01:52, 1.16MB/s]
  2%|▏         | 3.12M/127M [00:02<01:52, 1.16MB/s]
  3%|▎         | 3.25M/127M [00:02<01:51, 1.17MB/s]
  3%|▎         | 3.38M/127M [00:03<01:51, 1.17MB/s]
  3%|▎         | 3.50M/127M [00:03<01:51, 1.17MB/s]
  3%|▎         | 3.62M/127M [00:03<01:51, 1.17MB/s]
  3%|▎         | 3.75M/127M [00:03<01:50, 1.17MB/s]
  3%|▎         | 3.88M/127M [00:03<01:50, 1.17MB/s]
  3%|▎         | 4.00M/127M [00:03<01:50, 1.17MB/s]
  3%|▎         | 4.12M/127M [00:03<01:50, 1.17MB/s]
  3%|▎         | 4.25M/127M [00:03<01:50, 1.17MB/s]
  3%|▎         | 4.38M/127M [00:03<01:49, 1.18MB/s]
  4%|▎         | 4.50M/127M [00:04<01:49, 1.17MB/s]
  4%|▎         | 4.62M/127M [00:04<01:49, 1.17MB/s]
  4%|▎         | 4.75M/127M [00:04<01:49, 1.17MB/s]
  4%|▍         | 4.88M/127M [00:04<01:49, 1.17MB/s]
  4%|▍         | 5.00M/127M [00:04<01:49, 1.17MB/s]
  4%|▍         | 5.12M/127M [00:04<01:49, 1.17MB/s]
  4%|▍         | 5.25M/127M [00:04<01:49, 1.17MB/s]
  4%|▍         | 5.38M/127M [00:04<01:49, 1.17MB/s]
  4%|▍         | 5.50M/127M [00:04<01:48, 1.17MB/s]
  4%|▍         | 5.62M/127M [00:05<01:48, 1.17MB/s]
  5%|▍         | 5.75M/127M [00:05<01:48, 1.18MB/s]
  5%|▍         | 5.88M/127M [00:05<01:48, 1.18MB/s]
  5%|▍         | 6.00M/127M [00:05<01:48, 1.17MB/s]
  5%|▍         | 6.12M/127M [00:05<01:48, 1.17MB/s]
  5%|▍         | 6.25M/127M [00:05<01:48, 1.17MB/s]
  5%|▌         | 6.38M/127M [00:05<01:48, 1.17MB/s]
  5%|▌         | 6.50M/127M [00:05<01:48, 1.17MB/s]
  5%|▌         | 6.62M/127M [00:05<01:47, 1.17MB/s]
  5%|▌         | 6.75M/127M [00:06<01:47, 1.17MB/s]
  5%|▌         | 6.88M/127M [00:06<01:47, 1.17MB/s]
  5%|▌         | 7.00M/127M [00:06<01:47, 1.17MB/s]
  6%|▌         | 7.12M/127M [00:06<01:47, 1.18MB/s]
  6%|▌         | 7.25M/127M [00:06<01:47, 1.17MB/s]
  6%|▌         | 7.38M/127M [00:06<01:47, 1.17MB/s]
  6%|▌         | 7.50M/127M [00:06<01:47, 1.17MB/s]
  6%|▌         | 7.62M/127M [00:06<01:46, 1.17MB/s]
  6%|▌         | 7.75M/127M [00:06<01:46, 1.17MB/s]
  6%|▌         | 7.88M/127M [00:07<01:46, 1.17MB/s]
  6%|▋         | 8.00M/127M [00:07<01:46, 1.17MB/s]
  6%|▋         | 8.12M/127M [00:07<01:46, 1.17MB/s]
  6%|▋         | 8.25M/127M [00:07<01:46, 1.17MB/s]
  7%|▋         | 8.38M/127M [00:07<01:46, 1.17MB/s]
  7%|▋         | 8.50M/127M [00:07<01:46, 1.18MB/s]
  7%|▋         | 8.62M/127M [00:07<01:45, 1.17MB/s]
  7%|▋         | 8.75M/127M [00:07<01:45, 1.17MB/s]
  7%|▋         | 8.88M/127M [00:07<01:46, 1.16MB/s]
  7%|▋         | 9.00M/127M [00:08<01:46, 1.16MB/s]
  7%|▋         | 9.12M/127M [00:08<01:46, 1.16MB/s]
  7%|▋         | 9.25M/127M [00:08<01:46, 1.16MB/s]
  7%|▋         | 9.38M/127M [00:08<01:46, 1.16MB/s]
  7%|▋         | 9.50M/127M [00:08<01:45, 1.17MB/s]
  8%|▊         | 9.62M/127M [00:08<01:45, 1.17MB/s]
  8%|▊         | 9.75M/127M [00:08<01:45, 1.17MB/s]
  8%|▊         | 9.88M/127M [00:08<01:44, 1.17MB/s]
  8%|▊         | 10.0M/127M [00:08<01:44, 1.17MB/s]
  8%|▊         | 10.1M/127M [00:09<01:45, 1.17MB/s]
  8%|▊         | 10.2M/127M [00:09<01:44, 1.17MB/s]
  8%|▊         | 10.4M/127M [00:09<01:44, 1.17MB/s]
  8%|▊         | 10.5M/127M [00:09<01:44, 1.17MB/s]
  8%|▊         | 10.6M/127M [00:09<01:44, 1.17MB/s]
  8%|▊         | 10.8M/127M [00:09<01:44, 1.17MB/s]
  9%|▊         | 10.9M/127M [00:09<01:44, 1.17MB/s]
  9%|▊         | 11.0M/127M [00:09<01:44, 1.17MB/s]
  9%|▊         | 11.1M/127M [00:09<01:43, 1.17MB/s]
  9%|▉         | 11.2M/127M [00:10<01:54, 1.06MB/s]
  9%|▉         | 11.4M/127M [00:10<01:57, 1.04MB/s]
  9%|▉         | 11.5M/127M [00:10<01:53, 1.07MB/s]
  9%|▉         | 11.6M/127M [00:10<01:50, 1.10MB/s]
  9%|▉         | 11.8M/127M [00:10<01:48, 1.12MB/s]
  9%|▉         | 11.9M/127M [00:10<01:46, 1.14MB/s]
  9%|▉         | 12.0M/127M [00:10<01:45, 1.15MB/s]
 10%|▉         | 12.1M/127M [00:10<01:44, 1.15MB/s]
 10%|▉         | 12.2M/127M [00:11<01:44, 1.16MB/s]
 10%|▉         | 12.4M/127M [00:11<01:43, 1.16MB/s]
 10%|▉         | 12.5M/127M [00:11<01:43, 1.17MB/s]
 10%|▉         | 12.6M/127M [00:11<01:43, 1.17MB/s]
 10%|█         | 12.8M/127M [00:11<01:42, 1.17MB/s]
 10%|█         | 12.9M/127M [00:11<01:42, 1.17MB/s]
 10%|█         | 13.0M/127M [00:11<01:42, 1.17MB/s]
 10%|█         | 13.1M/127M [00:11<01:42, 1.17MB/s]
 10%|█         | 13.2M/127M [00:11<01:42, 1.17MB/s]
 11%|█         | 13.4M/127M [00:12<01:41, 1.17MB/s]
 11%|█         | 13.5M/127M [00:12<01:41, 1.17MB/s]
 11%|█         | 13.6M/127M [00:12<01:41, 1.17MB/s]
 11%|█         | 13.8M/127M [00:12<01:41, 1.17MB/s]
 11%|█         | 13.9M/127M [00:12<01:41, 1.17MB/s]
 11%|█         | 14.0M/127M [00:12<01:41, 1.17MB/s]
 11%|█         | 14.1M/127M [00:12<01:40, 1.18MB/s]
 11%|█         | 14.2M/127M [00:12<01:40, 1.18MB/s]
 11%|█▏        | 14.4M/127M [00:12<01:40, 1.17MB/s]
 11%|█▏        | 14.5M/127M [00:13<01:40, 1.17MB/s]
 11%|█▏        | 14.6M/127M [00:13<01:40, 1.17MB/s]
 12%|█▏        | 14.8M/127M [00:13<01:40, 1.17MB/s]
 12%|█▏        | 14.9M/127M [00:13<01:40, 1.17MB/s]
 12%|█▏        | 15.0M/127M [00:13<01:40, 1.17MB/s]
 12%|█▏        | 15.1M/127M [00:13<01:40, 1.17MB/s]
 12%|█▏        | 15.2M/127M [00:13<01:40, 1.17MB/s]
 12%|█▏        | 15.4M/127M [00:13<01:40, 1.17MB/s]
 12%|█▏        | 15.5M/127M [00:13<01:39, 1.17MB/s]
 12%|█▏        | 15.6M/127M [00:14<01:39, 1.17MB/s]
 12%|█▏        | 15.8M/127M [00:14<01:39, 1.17MB/s]
 12%|█▏        | 15.9M/127M [00:14<01:39, 1.17MB/s]
 13%|█▎        | 16.0M/127M [00:14<01:39, 1.17MB/s]
 13%|█▎        | 16.1M/127M [00:14<01:39, 1.17MB/s]
 13%|█▎        | 16.2M/127M [00:14<01:39, 1.17MB/s]
 13%|█▎        | 16.4M/127M [00:14<01:40, 1.16MB/s]
 13%|█▎        | 16.5M/127M [00:14<01:39, 1.16MB/s]
 13%|█▎        | 16.6M/127M [00:14<01:39, 1.17MB/s]
 13%|█▎        | 16.8M/127M [00:15<01:39, 1.17MB/s]
 13%|█▎        | 16.9M/127M [00:15<01:38, 1.17MB/s]
 13%|█▎        | 17.0M/127M [00:15<01:38, 1.17MB/s]
 13%|█▎        | 17.1M/127M [00:15<01:38, 1.17MB/s]
 14%|█▎        | 17.2M/127M [00:15<01:38, 1.17MB/s]
 14%|█▎        | 17.4M/127M [00:15<01:38, 1.17MB/s]
 14%|█▎        | 17.5M/127M [00:15<01:38, 1.17MB/s]
 14%|█▍        | 17.6M/127M [00:15<01:38, 1.17MB/s]
 14%|█▍        | 17.8M/127M [00:15<01:38, 1.17MB/s]
 14%|█▍        | 17.9M/127M [00:16<01:37, 1.17MB/s]
 14%|█▍        | 18.0M/127M [00:16<01:37, 1.17MB/s]
 14%|█▍        | 18.1M/127M [00:16<01:37, 1.17MB/s]
 14%|█▍        | 18.2M/127M [00:16<01:37, 1.18MB/s]
 14%|█▍        | 18.4M/127M [00:16<01:37, 1.17MB/s]
 15%|█▍        | 18.5M/127M [00:16<01:37, 1.17MB/s]
 15%|█▍        | 18.6M/127M [00:16<01:37, 1.17MB/s]
 15%|█▍        | 18.8M/127M [00:16<01:37, 1.17MB/s]
 15%|█▍        | 18.9M/127M [00:16<01:37, 1.17MB/s]
 15%|█▍        | 19.0M/127M [00:17<01:37, 1.17MB/s]
 15%|█▌        | 19.1M/127M [00:17<01:36, 1.17MB/s]
 15%|█▌        | 19.2M/127M [00:17<01:36, 1.17MB/s]
 15%|█▌        | 19.4M/127M [00:17<01:36, 1.17MB/s]
 15%|█▌        | 19.5M/127M [00:17<01:36, 1.17MB/s]
 15%|█▌        | 19.6M/127M [00:17<01:36, 1.17MB/s]
 16%|█▌        | 19.8M/127M [00:17<01:36, 1.17MB/s]
 16%|█▌        | 19.9M/127M [00:17<01:36, 1.17MB/s]
 16%|█▌        | 20.0M/127M [00:17<01:35, 1.17MB/s]
 16%|█▌        | 20.1M/127M [00:18<01:35, 1.17MB/s]
 16%|█▌        | 20.2M/127M [00:18<01:35, 1.17MB/s]
 16%|█▌        | 20.4M/127M [00:18<01:35, 1.17MB/s]
 16%|█▌        | 20.5M/127M [00:18<01:35, 1.17MB/s]
 16%|█▌        | 20.6M/127M [00:18<01:35, 1.17MB/s]
 16%|█▋        | 20.8M/127M [00:18<01:35, 1.17MB/s]
 16%|█▋        | 20.9M/127M [00:18<01:35, 1.17MB/s]
 16%|█▋        | 21.0M/127M [00:18<01:35, 1.17MB/s]
 17%|█▋        | 21.1M/127M [00:18<01:34, 1.18MB/s]
 17%|█▋        | 21.2M/127M [00:19<01:34, 1.17MB/s]
 17%|█▋        | 21.4M/127M [00:19<01:34, 1.17MB/s]
 17%|█▋        | 21.5M/127M [00:19<01:34, 1.17MB/s]
 17%|█▋        | 21.6M/127M [00:19<01:34, 1.17MB/s]
 17%|█▋        | 21.8M/127M [00:19<01:34, 1.17MB/s]
 17%|█▋        | 21.9M/127M [00:19<01:34, 1.17MB/s]
 17%|█▋        | 22.0M/127M [00:19<01:34, 1.17MB/s]
 17%|█▋        | 22.1M/127M [00:19<01:34, 1.17MB/s]
 17%|█▋        | 22.2M/127M [00:20<01:34, 1.17MB/s]
 18%|█▊        | 22.4M/127M [00:20<01:34, 1.17MB/s]
 18%|█▊        | 22.5M/127M [00:20<01:33, 1.17MB/s]
 18%|█▊        | 22.6M/127M [00:20<01:44, 1.05MB/s]
 18%|█▊        | 22.8M/127M [00:20<01:45, 1.04MB/s]
 18%|█▊        | 22.9M/127M [00:20<01:41, 1.08MB/s]
 18%|█▊        | 23.0M/127M [00:20<01:39, 1.10MB/s]
 18%|█▊        | 23.1M/127M [00:20<01:37, 1.12MB/s]
 18%|█▊        | 23.2M/127M [00:20<01:35, 1.14MB/s]
 18%|█▊        | 23.4M/127M [00:21<01:35, 1.15MB/s]
 18%|█▊        | 23.5M/127M [00:21<01:34, 1.15MB/s]
 19%|█▊        | 23.6M/127M [00:21<01:34, 1.16MB/s]
 19%|█▊        | 23.8M/127M [00:21<01:33, 1.16MB/s]
 19%|█▊        | 23.9M/127M [00:21<01:32, 1.17MB/s]
 19%|█▉        | 24.0M/127M [00:21<01:32, 1.17MB/s]
 19%|█▉        | 24.1M/127M [00:21<01:32, 1.17MB/s]
 19%|█▉        | 24.2M/127M [00:21<01:32, 1.17MB/s]
 19%|█▉        | 24.4M/127M [00:21<01:32, 1.17MB/s]
 19%|█▉        | 24.5M/127M [00:22<01:32, 1.17MB/s]
 19%|█▉        | 24.6M/127M [00:22<01:32, 1.17MB/s]
 19%|█▉        | 24.8M/127M [00:22<01:32, 1.17MB/s]
 20%|█▉        | 24.9M/127M [00:22<01:47, 999kB/s] 
 20%|█▉        | 25.0M/127M [00:22<01:42, 1.05MB/s]
 20%|█▉        | 25.1M/127M [00:22<01:39, 1.08MB/s]
 20%|█▉        | 25.2M/127M [00:22<01:36, 1.11MB/s]
 20%|█▉        | 25.4M/127M [00:22<01:34, 1.13MB/s]
 20%|██        | 25.5M/127M [00:23<01:33, 1.14MB/s]
 20%|██        | 25.6M/127M [00:23<01:32, 1.15MB/s]
 20%|██        | 25.8M/127M [00:23<01:32, 1.16MB/s]
 20%|██        | 25.9M/127M [00:23<01:31, 1.16MB/s]
 20%|██        | 26.0M/127M [00:23<01:31, 1.16MB/s]
 21%|██        | 26.1M/127M [00:23<01:30, 1.17MB/s]
 21%|██        | 26.2M/127M [00:23<01:30, 1.17MB/s]
 21%|██        | 26.4M/127M [00:23<01:30, 1.17MB/s]
 21%|██        | 26.5M/127M [00:23<01:30, 1.17MB/s]
 21%|██        | 26.6M/127M [00:24<01:29, 1.17MB/s]
 21%|██        | 26.8M/127M [00:24<01:29, 1.17MB/s]
 21%|██        | 26.9M/127M [00:24<01:29, 1.17MB/s]
 21%|██        | 27.0M/127M [00:24<01:29, 1.17MB/s]
 21%|██▏       | 27.1M/127M [00:24<01:29, 1.17MB/s]
 21%|██▏       | 27.2M/127M [00:24<01:29, 1.17MB/s]
 21%|██▏       | 27.4M/127M [00:24<01:29, 1.17MB/s]
 22%|██▏       | 27.5M/127M [00:24<01:29, 1.17MB/s]
 22%|██▏       | 27.6M/127M [00:24<01:29, 1.17MB/s]
 22%|██▏       | 27.8M/127M [00:25<01:29, 1.17MB/s]
 22%|██▏       | 27.9M/127M [00:25<01:29, 1.17MB/s]
 22%|██▏       | 28.0M/127M [00:25<01:28, 1.17MB/s]
 22%|██▏       | 28.1M/127M [00:25<01:28, 1.17MB/s]
 22%|██▏       | 28.2M/127M [00:25<01:28, 1.17MB/s]
 22%|██▏       | 28.4M/127M [00:25<01:43, 1.00MB/s]
 22%|██▏       | 28.5M/127M [00:26<02:47, 621kB/s] 
 22%|██▏       | 28.6M/127M [00:26<02:23, 723kB/s]
 23%|██▎       | 28.8M/127M [00:26<02:06, 817kB/s]
 23%|██▎       | 28.9M/127M [00:26<01:54, 898kB/s]
 23%|██▎       | 29.0M/127M [00:26<01:46, 966kB/s]
 23%|██▎       | 29.1M/127M [00:26<01:41, 1.02MB/s]
 23%|██▎       | 29.2M/127M [00:26<01:36, 1.06MB/s]
 23%|██▎       | 29.4M/127M [00:26<01:34, 1.09MB/s]
 23%|██▎       | 29.5M/127M [00:26<01:31, 1.12MB/s]
 23%|██▎       | 29.6M/127M [00:27<01:30, 1.13MB/s]
 23%|██▎       | 29.8M/127M [00:27<01:29, 1.15MB/s]
 23%|██▎       | 29.9M/127M [00:27<01:28, 1.15MB/s]
 24%|██▎       | 30.0M/127M [00:27<01:28, 1.15MB/s]
 24%|██▎       | 30.1M/127M [00:27<01:28, 1.16MB/s]
 24%|██▍       | 30.2M/127M [00:27<01:27, 1.16MB/s]
 24%|██▍       | 30.4M/127M [00:27<01:27, 1.17MB/s]
 24%|██▍       | 30.5M/127M [00:27<01:27, 1.17MB/s]
 24%|██▍       | 30.6M/127M [00:27<01:26, 1.17MB/s]
 24%|██▍       | 30.8M/127M [00:28<01:26, 1.17MB/s]
 24%|██▍       | 30.9M/127M [00:28<01:26, 1.17MB/s]
 24%|██▍       | 31.0M/127M [00:28<01:26, 1.17MB/s]
 24%|██▍       | 31.1M/127M [00:28<01:26, 1.17MB/s]
 25%|██▍       | 31.2M/127M [00:28<01:26, 1.17MB/s]
 25%|██▍       | 31.4M/127M [00:28<01:25, 1.17MB/s]
 25%|██▍       | 31.5M/127M [00:28<01:25, 1.17MB/s]
 25%|██▍       | 31.6M/127M [00:28<01:25, 1.17MB/s]
 25%|██▍       | 31.8M/127M [00:28<01:25, 1.17MB/s]
 25%|██▌       | 31.9M/127M [00:29<01:25, 1.17MB/s]
 25%|██▌       | 32.0M/127M [00:29<01:25, 1.17MB/s]
 25%|██▌       | 32.1M/127M [00:29<01:25, 1.17MB/s]
 25%|██▌       | 32.2M/127M [00:29<01:24, 1.18MB/s]
 25%|██▌       | 32.4M/127M [00:29<01:24, 1.17MB/s]
 26%|██▌       | 32.5M/127M [00:29<01:24, 1.17MB/s]
 26%|██▌       | 32.6M/127M [00:29<01:24, 1.17MB/s]
 26%|██▌       | 32.8M/127M [00:29<01:24, 1.17MB/s]
 26%|██▌       | 32.9M/127M [00:29<01:24, 1.17MB/s]
 26%|██▌       | 33.0M/127M [00:30<01:24, 1.17MB/s]
 26%|██▌       | 33.1M/127M [00:30<01:24, 1.17MB/s]
 26%|██▌       | 33.2M/127M [00:30<01:24, 1.17MB/s]
 26%|██▌       | 33.4M/127M [00:30<01:24, 1.17MB/s]
 26%|██▋       | 33.5M/127M [00:30<01:31, 1.07MB/s]
 26%|██▋       | 33.6M/127M [00:30<01:35, 1.03MB/s]
 26%|██▋       | 33.8M/127M [00:30<01:31, 1.07MB/s]
 27%|██▋       | 33.9M/127M [00:30<01:29, 1.10MB/s]
 27%|██▋       | 34.0M/127M [00:31<01:27, 1.12MB/s]
 27%|██▋       | 34.1M/127M [00:31<01:26, 1.13MB/s]
 27%|██▋       | 34.2M/127M [00:31<01:25, 1.15MB/s]
 27%|██▋       | 34.4M/127M [00:31<01:24, 1.15MB/s]
 27%|██▋       | 34.5M/127M [00:31<01:24, 1.16MB/s]
 27%|██▋       | 34.6M/127M [00:31<01:23, 1.16MB/s]
 27%|██▋       | 34.8M/127M [00:31<01:23, 1.17MB/s]
 27%|██▋       | 34.9M/127M [00:31<01:23, 1.17MB/s]
 27%|██▋       | 35.0M/127M [00:31<01:22, 1.17MB/s]
 28%|██▊       | 35.1M/127M [00:32<01:22, 1.17MB/s]
 28%|██▊       | 35.2M/127M [00:32<01:22, 1.17MB/s]
 28%|██▊       | 35.4M/127M [00:32<01:23, 1.16MB/s]
 28%|██▊       | 35.5M/127M [00:32<01:22, 1.16MB/s]
 28%|██▊       | 35.6M/127M [00:32<01:22, 1.17MB/s]
 28%|██▊       | 35.8M/127M [00:32<01:22, 1.17MB/s]
 28%|██▊       | 35.9M/127M [00:32<01:22, 1.17MB/s]
 28%|██▊       | 36.0M/127M [00:32<01:21, 1.17MB/s]
 28%|██▊       | 36.1M/127M [00:32<01:21, 1.17MB/s]
 28%|██▊       | 36.2M/127M [00:33<01:21, 1.17MB/s]
 29%|██▊       | 36.4M/127M [00:33<01:21, 1.17MB/s]
 29%|██▊       | 36.5M/127M [00:33<01:21, 1.17MB/s]
 29%|██▉       | 36.6M/127M [00:33<01:21, 1.17MB/s]
 29%|██▉       | 36.8M/127M [00:33<01:21, 1.17MB/s]
 29%|██▉       | 36.9M/127M [00:33<01:20, 1.17MB/s]
 29%|██▉       | 37.0M/127M [00:33<01:20, 1.17MB/s]
 29%|██▉       | 37.1M/127M [00:33<01:20, 1.17MB/s]
 29%|██▉       | 37.2M/127M [00:33<01:20, 1.17MB/s]
 29%|██▉       | 37.4M/127M [00:34<01:20, 1.17MB/s]
 29%|██▉       | 37.5M/127M [00:34<01:20, 1.17MB/s]
 30%|██▉       | 37.6M/127M [00:34<01:20, 1.17MB/s]
 30%|██▉       | 37.8M/127M [00:34<01:20, 1.17MB/s]
 30%|██▉       | 37.9M/127M [00:34<01:19, 1.17MB/s]
 30%|██▉       | 38.0M/127M [00:34<01:19, 1.17MB/s]
 30%|██▉       | 38.1M/127M [00:34<01:19, 1.17MB/s]
 30%|███       | 38.2M/127M [00:34<01:19, 1.17MB/s]
 30%|███       | 38.4M/127M [00:34<01:19, 1.17MB/s]
 30%|███       | 38.5M/127M [00:35<01:19, 1.17MB/s]
 30%|███       | 38.6M/127M [00:35<01:19, 1.17MB/s]
 30%|███       | 38.8M/127M [00:35<01:19, 1.17MB/s]
 31%|███       | 38.9M/127M [00:35<01:19, 1.17MB/s]
 31%|███       | 39.0M/127M [00:35<01:19, 1.17MB/s]
 31%|███       | 39.1M/127M [00:35<01:19, 1.17MB/s]
 31%|███       | 39.2M/127M [00:35<01:18, 1.17MB/s]
 31%|███       | 39.4M/127M [00:35<01:18, 1.17MB/s]
 31%|███       | 39.5M/127M [00:35<01:18, 1.17MB/s]
 31%|███       | 39.6M/127M [00:36<01:18, 1.17MB/s]
 31%|███       | 39.8M/127M [00:36<01:18, 1.17MB/s]
 31%|███▏      | 39.9M/127M [00:36<01:18, 1.17MB/s]
 31%|███▏      | 40.0M/127M [00:36<01:18, 1.17MB/s]
 32%|███▏      | 40.1M/127M [00:36<01:18, 1.17MB/s]
 32%|███▏      | 40.2M/127M [00:36<01:18, 1.17MB/s]
 32%|███▏      | 40.4M/127M [00:36<01:17, 1.17MB/s]
 32%|███▏      | 40.5M/127M [00:36<01:17, 1.17MB/s]
 32%|███▏      | 40.6M/127M [00:36<01:17, 1.17MB/s]
 32%|███▏      | 40.8M/127M [00:37<01:17, 1.17MB/s]
 32%|███▏      | 40.9M/127M [00:37<01:17, 1.17MB/s]
 32%|███▏      | 41.0M/127M [00:37<01:17, 1.17MB/s]
 32%|███▏      | 41.1M/127M [00:37<01:17, 1.17MB/s]
 32%|███▏      | 41.2M/127M [00:37<01:17, 1.17MB/s]
 32%|███▏      | 41.4M/127M [00:37<01:17, 1.17MB/s]
 33%|███▎      | 41.5M/127M [00:37<01:16, 1.17MB/s]
 33%|███▎      | 41.6M/127M [00:37<01:16, 1.17MB/s]
 33%|███▎      | 41.8M/127M [00:37<01:16, 1.17MB/s]
 33%|███▎      | 41.9M/127M [00:38<01:16, 1.17MB/s]
 33%|███▎      | 42.0M/127M [00:38<01:16, 1.17MB/s]
 33%|███▎      | 42.1M/127M [00:38<01:16, 1.17MB/s]
 33%|███▎      | 42.2M/127M [00:38<01:16, 1.17MB/s]
 33%|███▎      | 42.4M/127M [00:38<01:16, 1.17MB/s]
 33%|███▎      | 42.5M/127M [00:38<01:16, 1.17MB/s]
 33%|███▎      | 42.6M/127M [00:38<01:15, 1.17MB/s]
 34%|███▎      | 42.8M/127M [00:38<01:16, 1.16MB/s]
 34%|███▎      | 42.9M/127M [00:39<01:16, 1.17MB/s]
 34%|███▍      | 43.0M/127M [00:39<01:15, 1.17MB/s]
 34%|███▍      | 43.1M/127M [00:39<01:15, 1.17MB/s]
 34%|███▍      | 43.2M/127M [00:39<01:15, 1.17MB/s]
 34%|███▍      | 43.4M/127M [00:39<01:15, 1.17MB/s]
 34%|███▍      | 43.5M/127M [00:39<01:15, 1.17MB/s]
 34%|███▍      | 43.6M/127M [00:39<01:14, 1.17MB/s]
 34%|███▍      | 43.8M/127M [00:39<01:14, 1.17MB/s]
 34%|███▍      | 43.9M/127M [00:39<01:14, 1.17MB/s]
 35%|███▍      | 44.0M/127M [00:40<01:14, 1.17MB/s]
 35%|███▍      | 44.1M/127M [00:40<01:14, 1.17MB/s]
 35%|███▍      | 44.2M/127M [00:40<01:14, 1.17MB/s]
 35%|███▍      | 44.4M/127M [00:40<01:13, 1.18MB/s]
 35%|███▍      | 44.5M/127M [00:40<01:14, 1.17MB/s]
 35%|███▌      | 44.6M/127M [00:40<01:13, 1.17MB/s]
 35%|███▌      | 44.8M/127M [00:40<01:13, 1.17MB/s]
 35%|███▌      | 44.9M/127M [00:40<01:21, 1.05MB/s]
 35%|███▌      | 45.0M/127M [00:40<01:22, 1.04MB/s]
 35%|███▌      | 45.1M/127M [00:41<01:20, 1.08MB/s]
 36%|███▌      | 45.2M/127M [00:41<01:18, 1.10MB/s]
 36%|███▌      | 45.4M/127M [00:41<01:16, 1.12MB/s]
 36%|███▌      | 45.5M/127M [00:41<01:15, 1.14MB/s]
 36%|███▌      | 45.6M/127M [00:41<01:14, 1.15MB/s]
 36%|███▌      | 45.8M/127M [00:41<01:14, 1.15MB/s]
 36%|███▌      | 45.9M/127M [00:41<01:13, 1.16MB/s]
 36%|███▌      | 46.0M/127M [00:41<01:13, 1.17MB/s]
 36%|███▌      | 46.1M/127M [00:41<01:12, 1.17MB/s]
 36%|███▋      | 46.2M/127M [00:42<01:12, 1.17MB/s]
 36%|███▋      | 46.4M/127M [00:42<01:12, 1.17MB/s]
 37%|███▋      | 46.5M/127M [00:42<01:12, 1.17MB/s]
 37%|███▋      | 46.6M/127M [00:42<01:12, 1.17MB/s]
 37%|███▋      | 46.8M/127M [00:42<01:12, 1.17MB/s]
 37%|███▋      | 46.9M/127M [00:42<01:12, 1.17MB/s]
 37%|███▋      | 47.0M/127M [00:42<01:11, 1.17MB/s]
 37%|███▋      | 47.1M/127M [00:42<01:11, 1.17MB/s]
 37%|███▋      | 47.2M/127M [00:42<01:11, 1.17MB/s]
 37%|███▋      | 47.4M/127M [00:43<01:11, 1.17MB/s]
 37%|███▋      | 47.5M/127M [00:43<01:11, 1.17MB/s]
 37%|███▋      | 47.6M/127M [00:43<01:11, 1.17MB/s]
 37%|███▋      | 47.8M/127M [00:43<01:11, 1.17MB/s]
 38%|███▊      | 47.9M/127M [00:43<01:11, 1.17MB/s]
 38%|███▊      | 48.0M/127M [00:43<01:11, 1.17MB/s]
 38%|███▊      | 48.1M/127M [00:43<01:10, 1.17MB/s]
 38%|███▊      | 48.2M/127M [00:43<01:10, 1.17MB/s]
 38%|███▊      | 48.4M/127M [00:43<01:10, 1.17MB/s]
 38%|███▊      | 48.5M/127M [00:44<01:10, 1.17MB/s]
 38%|███▊      | 48.6M/127M [00:44<01:10, 1.17MB/s]
 38%|███▊      | 48.8M/127M [00:44<01:10, 1.17MB/s]
 38%|███▊      | 48.9M/127M [00:44<01:10, 1.17MB/s]
 38%|███▊      | 49.0M/127M [00:44<01:13, 1.12MB/s]
 39%|███▊      | 49.1M/127M [00:44<01:20, 1.02MB/s]
 39%|███▊      | 49.2M/127M [00:44<01:16, 1.06MB/s]
 39%|███▉      | 49.4M/127M [00:44<01:14, 1.09MB/s]
 39%|███▉      | 49.5M/127M [00:45<01:13, 1.12MB/s]
 39%|███▉      | 49.6M/127M [00:45<01:12, 1.13MB/s]
 39%|███▉      | 49.8M/127M [00:45<01:11, 1.14MB/s]
 39%|███▉      | 49.9M/127M [00:45<01:10, 1.15MB/s]
 39%|███▉      | 50.0M/127M [00:45<01:10, 1.16MB/s]
 39%|███▉      | 50.1M/127M [00:45<01:09, 1.16MB/s]
 39%|███▉      | 50.2M/127M [00:45<01:09, 1.17MB/s]
 40%|███▉      | 50.4M/127M [00:45<01:09, 1.17MB/s]
 40%|███▉      | 50.5M/127M [00:45<01:09, 1.17MB/s]
 40%|███▉      | 50.6M/127M [00:46<01:08, 1.17MB/s]
 40%|███▉      | 50.8M/127M [00:46<01:08, 1.16MB/s]
 40%|███▉      | 50.9M/127M [00:46<01:08, 1.17MB/s]
 40%|████      | 51.0M/127M [00:46<01:08, 1.17MB/s]
 40%|████      | 51.1M/127M [00:46<01:08, 1.17MB/s]
 40%|████      | 51.2M/127M [00:46<01:08, 1.17MB/s]
 40%|████      | 51.4M/127M [00:46<01:08, 1.17MB/s]
 40%|████      | 51.5M/127M [00:46<01:07, 1.17MB/s]
 41%|████      | 51.6M/127M [00:46<01:07, 1.17MB/s]
 41%|████      | 51.8M/127M [00:47<01:07, 1.17MB/s]
 41%|████      | 51.9M/127M [00:47<01:07, 1.17MB/s]
 41%|████      | 52.0M/127M [00:47<01:07, 1.17MB/s]
 41%|████      | 52.1M/127M [00:47<01:07, 1.17MB/s]
 41%|████      | 52.2M/127M [00:47<01:08, 1.15MB/s]
 41%|████      | 52.4M/127M [00:47<02:00, 653kB/s] 
 41%|████      | 52.5M/127M [00:48<01:50, 712kB/s]
 41%|████▏     | 52.6M/127M [00:48<01:37, 807kB/s]
 41%|████▏     | 52.8M/127M [00:48<01:27, 890kB/s]
 42%|████▏     | 52.9M/127M [00:48<01:21, 959kB/s]
 42%|████▏     | 53.0M/127M [00:48<01:16, 1.02MB/s]
 42%|████▏     | 53.1M/127M [00:48<01:13, 1.06MB/s]
 42%|████▏     | 53.2M/127M [00:48<01:11, 1.09MB/s]
 42%|████▏     | 53.4M/127M [00:48<01:09, 1.11MB/s]
 42%|████▏     | 53.5M/127M [00:48<01:08, 1.13MB/s]
 42%|████▏     | 53.6M/127M [00:49<01:07, 1.14MB/s]
 42%|████▏     | 53.8M/127M [00:49<01:07, 1.15MB/s]
 42%|████▏     | 53.9M/127M [00:49<01:06, 1.15MB/s]
 42%|████▏     | 54.0M/127M [00:49<01:06, 1.16MB/s]
 42%|████▏     | 54.1M/127M [00:49<01:05, 1.16MB/s]
 43%|████▎     | 54.2M/127M [00:49<01:05, 1.17MB/s]
 43%|████▎     | 54.4M/127M [00:49<01:05, 1.17MB/s]
 43%|████▎     | 54.5M/127M [00:49<01:05, 1.17MB/s]
 43%|████▎     | 54.6M/127M [00:49<01:05, 1.17MB/s]
 43%|████▎     | 54.8M/127M [00:50<01:04, 1.17MB/s]
 43%|████▎     | 54.9M/127M [00:50<01:04, 1.17MB/s]
 43%|████▎     | 55.0M/127M [00:50<01:04, 1.17MB/s]
 43%|████▎     | 55.1M/127M [00:50<01:04, 1.17MB/s]
 43%|████▎     | 55.2M/127M [00:50<01:04, 1.17MB/s]
 43%|████▎     | 55.4M/127M [00:50<01:04, 1.17MB/s]
 44%|████▎     | 55.5M/127M [00:50<01:04, 1.17MB/s]
 44%|████▎     | 55.6M/127M [00:50<01:04, 1.17MB/s]
 44%|████▍     | 55.8M/127M [00:51<01:08, 1.10MB/s]
 44%|████▍     | 55.9M/127M [00:51<01:13, 1.03MB/s]
 44%|████▍     | 56.0M/127M [00:51<01:10, 1.07MB/s]
 44%|████▍     | 56.1M/127M [00:51<01:08, 1.10MB/s]
 44%|████▍     | 56.2M/127M [00:51<01:06, 1.12MB/s]
 44%|████▍     | 56.4M/127M [00:51<01:05, 1.13MB/s]
 44%|████▍     | 56.5M/127M [00:51<01:04, 1.14MB/s]
 44%|████▍     | 56.6M/127M [00:51<01:04, 1.15MB/s]
 45%|████▍     | 56.8M/127M [00:51<01:04, 1.15MB/s]
 45%|████▍     | 56.9M/127M [00:52<01:03, 1.16MB/s]
 45%|████▍     | 57.0M/127M [00:52<01:03, 1.16MB/s]
 45%|████▍     | 57.1M/127M [00:52<01:03, 1.16MB/s]
 45%|████▍     | 57.2M/127M [00:52<01:03, 1.16MB/s]
 45%|████▌     | 57.4M/127M [00:52<01:03, 1.15MB/s]
 45%|████▌     | 57.5M/127M [00:52<01:03, 1.16MB/s]
 45%|████▌     | 57.6M/127M [00:52<01:03, 1.16MB/s]
 45%|████▌     | 57.8M/127M [00:52<01:02, 1.16MB/s]
 45%|████▌     | 57.9M/127M [00:52<01:02, 1.16MB/s]
 46%|████▌     | 58.0M/127M [00:53<01:02, 1.17MB/s]
 46%|████▌     | 58.1M/127M [00:53<01:02, 1.16MB/s]
 46%|████▌     | 58.2M/127M [00:53<01:02, 1.17MB/s]
 46%|████▌     | 58.4M/127M [00:53<01:01, 1.17MB/s]
 46%|████▌     | 58.5M/127M [00:53<01:01, 1.17MB/s]
 46%|████▌     | 58.6M/127M [00:53<01:01, 1.17MB/s]
 46%|████▌     | 58.8M/127M [00:53<01:01, 1.17MB/s]
 46%|████▌     | 58.9M/127M [00:53<01:01, 1.17MB/s]
 46%|████▋     | 59.0M/127M [00:53<01:01, 1.17MB/s]
 46%|████▋     | 59.1M/127M [00:54<01:01, 1.17MB/s]
 47%|████▋     | 59.2M/127M [00:54<01:01, 1.17MB/s]
 47%|████▋     | 59.4M/127M [00:54<01:04, 1.10MB/s]
 47%|████▋     | 59.5M/127M [00:54<01:03, 1.11MB/s]
 47%|████▋     | 59.6M/127M [00:54<01:02, 1.13MB/s]
 47%|████▋     | 59.8M/127M [00:54<01:02, 1.14MB/s]
 47%|████▋     | 59.9M/127M [00:54<01:01, 1.15MB/s]
 47%|████▋     | 60.0M/127M [00:54<01:00, 1.16MB/s]
 47%|████▋     | 60.1M/127M [00:55<01:00, 1.16MB/s]
 47%|████▋     | 60.2M/127M [00:55<01:00, 1.16MB/s]
 47%|████▋     | 60.4M/127M [00:55<01:00, 1.17MB/s]
 48%|████▊     | 60.5M/127M [00:55<01:00, 1.17MB/s]
 48%|████▊     | 60.6M/127M [00:55<00:59, 1.17MB/s]
 48%|████▊     | 60.8M/127M [00:55<00:59, 1.17MB/s]
 48%|████▊     | 60.9M/127M [00:55<00:59, 1.17MB/s]
 48%|████▊     | 61.0M/127M [00:55<00:59, 1.17MB/s]
 48%|████▊     | 61.1M/127M [00:55<00:59, 1.17MB/s]
 48%|████▊     | 61.2M/127M [00:56<00:59, 1.17MB/s]
 48%|████▊     | 61.4M/127M [00:56<00:59, 1.17MB/s]
 48%|████▊     | 61.5M/127M [00:56<00:59, 1.17MB/s]
 48%|████▊     | 61.6M/127M [00:56<00:58, 1.17MB/s]
 48%|████▊     | 61.8M/127M [00:56<00:58, 1.17MB/s]
 49%|████▊     | 61.9M/127M [00:56<00:58, 1.17MB/s]
 49%|████▊     | 62.0M/127M [00:56<00:58, 1.17MB/s]
 49%|████▉     | 62.1M/127M [00:56<00:58, 1.17MB/s]
 49%|████▉     | 62.2M/127M [00:56<00:58, 1.17MB/s]
 49%|████▉     | 62.4M/127M [00:57<00:58, 1.17MB/s]
 49%|████▉     | 62.5M/127M [00:57<00:58, 1.17MB/s]
 49%|████▉     | 62.6M/127M [00:57<00:58, 1.17MB/s]
 49%|████▉     | 62.8M/127M [00:57<00:57, 1.17MB/s]
 49%|████▉     | 62.9M/127M [00:57<00:57, 1.17MB/s]
 49%|████▉     | 63.0M/127M [00:57<00:57, 1.17MB/s]
 50%|████▉     | 63.1M/127M [00:57<00:57, 1.17MB/s]
 50%|████▉     | 63.2M/127M [00:57<00:57, 1.17MB/s]
 50%|████▉     | 63.4M/127M [00:57<00:57, 1.17MB/s]
 50%|████▉     | 63.5M/127M [00:58<00:57, 1.17MB/s]
 50%|████▉     | 63.6M/127M [00:58<00:57, 1.17MB/s]
 50%|█████     | 63.8M/127M [00:58<00:57, 1.17MB/s]
 50%|█████     | 63.9M/127M [00:58<00:57, 1.17MB/s]
 50%|█████     | 64.0M/127M [00:58<00:56, 1.17MB/s]
 50%|█████     | 64.1M/127M [00:58<00:56, 1.17MB/s]
 50%|█████     | 64.2M/127M [00:58<00:56, 1.17MB/s]
 51%|█████     | 64.4M/127M [00:58<00:56, 1.17MB/s]
 51%|█████     | 64.5M/127M [00:58<00:56, 1.17MB/s]
 51%|█████     | 64.6M/127M [00:59<00:56, 1.17MB/s]
 51%|█████     | 64.8M/127M [00:59<00:56, 1.17MB/s]
 51%|█████     | 64.9M/127M [00:59<00:56, 1.17MB/s]
 51%|█████     | 65.0M/127M [00:59<00:55, 1.17MB/s]
 51%|█████     | 65.1M/127M [00:59<00:56, 1.17MB/s]
 51%|█████     | 65.2M/127M [00:59<00:55, 1.17MB/s]
 51%|█████▏    | 65.4M/127M [00:59<00:55, 1.17MB/s]
 51%|█████▏    | 65.5M/127M [00:59<00:55, 1.17MB/s]
 52%|█████▏    | 65.6M/127M [00:59<00:55, 1.17MB/s]
 52%|█████▏    | 65.8M/127M [01:00<00:55, 1.17MB/s]
 52%|█████▏    | 65.9M/127M [01:00<00:55, 1.17MB/s]
 52%|█████▏    | 66.0M/127M [01:00<00:54, 1.17MB/s]
 52%|█████▏    | 66.1M/127M [01:00<00:54, 1.17MB/s]
 52%|█████▏    | 66.2M/127M [01:00<00:54, 1.17MB/s]
 52%|█████▏    | 66.4M/127M [01:00<00:54, 1.17MB/s]
 52%|█████▏    | 66.5M/127M [01:00<00:54, 1.17MB/s]
 52%|█████▏    | 66.6M/127M [01:00<00:54, 1.17MB/s]
 52%|█████▏    | 66.8M/127M [01:00<00:54, 1.17MB/s]
 53%|█████▎    | 66.9M/127M [01:01<00:54, 1.17MB/s]
 53%|█████▎    | 67.0M/127M [01:01<00:54, 1.16MB/s]
 53%|█████▎    | 67.1M/127M [01:01<01:00, 1.04MB/s]
 53%|█████▎    | 67.2M/127M [01:01<01:00, 1.05MB/s]
 53%|█████▎    | 67.4M/127M [01:01<00:58, 1.08MB/s]
 53%|█████▎    | 67.5M/127M [01:01<00:56, 1.10MB/s]
 53%|█████▎    | 67.6M/127M [01:01<00:55, 1.12MB/s]
 53%|█████▎    | 67.8M/127M [01:01<00:54, 1.14MB/s]
 53%|█████▎    | 67.9M/127M [01:02<00:54, 1.15MB/s]
 53%|█████▎    | 68.0M/127M [01:02<00:53, 1.15MB/s]
 53%|█████▎    | 68.1M/127M [01:02<00:53, 1.16MB/s]
 54%|█████▎    | 68.2M/127M [01:02<00:53, 1.16MB/s]
 54%|█████▎    | 68.4M/127M [01:02<00:53, 1.17MB/s]
 54%|█████▍    | 68.5M/127M [01:02<00:52, 1.17MB/s]
 54%|█████▍    | 68.6M/127M [01:02<00:52, 1.17MB/s]
 54%|█████▍    | 68.8M/127M [01:02<00:52, 1.17MB/s]
 54%|█████▍    | 68.9M/127M [01:02<00:52, 1.17MB/s]
 54%|█████▍    | 69.0M/127M [01:03<00:52, 1.17MB/s]
 54%|█████▍    | 69.1M/127M [01:03<00:52, 1.17MB/s]
 54%|█████▍    | 69.2M/127M [01:03<00:52, 1.17MB/s]
 54%|█████▍    | 69.4M/127M [01:03<00:51, 1.17MB/s]
 55%|█████▍    | 69.5M/127M [01:03<00:51, 1.17MB/s]
 55%|█████▍    | 69.6M/127M [01:03<00:51, 1.17MB/s]
 55%|█████▍    | 69.8M/127M [01:03<00:51, 1.17MB/s]
 55%|█████▍    | 69.9M/127M [01:03<00:51, 1.17MB/s]
 55%|█████▍    | 70.0M/127M [01:03<00:51, 1.17MB/s]
 55%|█████▌    | 70.1M/127M [01:04<00:51, 1.17MB/s]
 55%|█████▌    | 70.2M/127M [01:04<00:51, 1.17MB/s]
 55%|█████▌    | 70.4M/127M [01:04<00:51, 1.17MB/s]
 55%|█████▌    | 70.5M/127M [01:04<00:50, 1.17MB/s]
 55%|█████▌    | 70.6M/127M [01:04<00:50, 1.17MB/s]
 56%|█████▌    | 70.8M/127M [01:04<00:50, 1.17MB/s]
 56%|█████▌    | 70.9M/127M [01:04<00:50, 1.17MB/s]
 56%|█████▌    | 71.0M/127M [01:04<00:50, 1.17MB/s]
 56%|█████▌    | 71.1M/127M [01:04<00:50, 1.17MB/s]
 56%|█████▌    | 71.2M/127M [01:05<00:50, 1.17MB/s]
 56%|█████▌    | 71.4M/127M [01:05<00:50, 1.17MB/s]
 56%|█████▌    | 71.5M/127M [01:05<00:50, 1.17MB/s]
 56%|█████▌    | 71.6M/127M [01:05<00:50, 1.17MB/s]
 56%|█████▋    | 71.8M/127M [01:05<00:49, 1.17MB/s]
 56%|█████▋    | 71.9M/127M [01:05<00:49, 1.17MB/s]
 57%|█████▋    | 72.0M/127M [01:05<00:49, 1.17MB/s]
 57%|█████▋    | 72.1M/127M [01:05<00:49, 1.17MB/s]
 57%|█████▋    | 72.2M/127M [01:05<00:49, 1.17MB/s]
 57%|█████▋    | 72.4M/127M [01:06<00:49, 1.17MB/s]
 57%|█████▋    | 72.5M/127M [01:06<00:49, 1.17MB/s]
 57%|█████▋    | 72.6M/127M [01:06<00:49, 1.17MB/s]
 57%|█████▋    | 72.8M/127M [01:06<00:48, 1.17MB/s]
 57%|█████▋    | 72.9M/127M [01:06<00:48, 1.17MB/s]
 57%|█████▋    | 73.0M/127M [01:06<00:48, 1.17MB/s]
 57%|█████▋    | 73.1M/127M [01:06<00:48, 1.17MB/s]
 58%|█████▊    | 73.2M/127M [01:06<00:48, 1.17MB/s]
 58%|█████▊    | 73.4M/127M [01:06<00:48, 1.17MB/s]
 58%|█████▊    | 73.5M/127M [01:07<00:48, 1.17MB/s]
 58%|█████▊    | 73.6M/127M [01:07<00:48, 1.17MB/s]
 58%|█████▊    | 73.8M/127M [01:07<00:48, 1.17MB/s]
 58%|█████▊    | 73.9M/127M [01:07<00:47, 1.17MB/s]
 58%|█████▊    | 74.0M/127M [01:07<00:47, 1.17MB/s]
 58%|█████▊    | 74.1M/127M [01:07<00:47, 1.17MB/s]
 58%|█████▊    | 74.2M/127M [01:07<00:47, 1.17MB/s]
 58%|█████▊    | 74.4M/127M [01:07<00:47, 1.17MB/s]
 58%|█████▊    | 74.5M/127M [01:07<00:47, 1.17MB/s]
 59%|█████▊    | 74.6M/127M [01:08<00:47, 1.17MB/s]
 59%|█████▊    | 74.8M/127M [01:08<00:47, 1.17MB/s]
 59%|█████▉    | 74.9M/127M [01:08<00:47, 1.17MB/s]
 59%|█████▉    | 75.0M/127M [01:08<00:46, 1.17MB/s]
 59%|█████▉    | 75.1M/127M [01:08<00:46, 1.17MB/s]
 59%|█████▉    | 75.2M/127M [01:08<00:46, 1.17MB/s]
 59%|█████▉    | 75.4M/127M [01:08<00:46, 1.16MB/s]
 59%|█████▉    | 75.5M/127M [01:08<00:46, 1.16MB/s]
 59%|█████▉    | 75.6M/127M [01:08<00:46, 1.17MB/s]
 59%|█████▉    | 75.8M/127M [01:09<00:46, 1.17MB/s]
 60%|█████▉    | 75.9M/127M [01:09<00:46, 1.17MB/s]
 60%|█████▉    | 76.0M/127M [01:09<00:46, 1.17MB/s]
 60%|█████▉    | 76.1M/127M [01:09<00:45, 1.17MB/s]
 60%|█████▉    | 76.2M/127M [01:09<00:45, 1.17MB/s]
 60%|█████▉    | 76.4M/127M [01:09<00:45, 1.17MB/s]
 60%|██████    | 76.5M/127M [01:09<00:45, 1.17MB/s]
 60%|██████    | 76.6M/127M [01:09<00:45, 1.17MB/s]
 60%|██████    | 76.8M/127M [01:09<00:45, 1.17MB/s]
 60%|██████    | 76.9M/127M [01:10<00:45, 1.17MB/s]
 60%|██████    | 77.0M/127M [01:10<00:45, 1.17MB/s]
 61%|██████    | 77.1M/127M [01:10<00:45, 1.17MB/s]
 61%|██████    | 77.2M/127M [01:10<00:44, 1.17MB/s]
 61%|██████    | 77.4M/127M [01:10<00:44, 1.17MB/s]
 61%|██████    | 77.5M/127M [01:10<00:44, 1.17MB/s]
 61%|██████    | 77.6M/127M [01:10<00:44, 1.17MB/s]
 61%|██████    | 77.8M/127M [01:10<00:44, 1.17MB/s]
 61%|██████    | 77.9M/127M [01:10<00:44, 1.17MB/s]
 61%|██████    | 78.0M/127M [01:11<00:44, 1.17MB/s]
 61%|██████▏   | 78.1M/127M [01:11<00:44, 1.17MB/s]
 61%|██████▏   | 78.2M/127M [01:11<00:43, 1.17MB/s]
 62%|██████▏   | 78.4M/127M [01:11<00:45, 1.12MB/s]
 62%|██████▏   | 78.5M/127M [01:11<00:50, 1.02MB/s]
 62%|██████▏   | 78.6M/127M [01:11<00:48, 1.06MB/s]
 62%|██████▏   | 78.8M/127M [01:11<00:46, 1.09MB/s]
 62%|██████▏   | 78.9M/127M [01:11<00:45, 1.11MB/s]
 62%|██████▏   | 79.0M/127M [01:12<00:44, 1.13MB/s]
 62%|██████▏   | 79.1M/127M [01:12<00:44, 1.14MB/s]
 62%|██████▏   | 79.2M/127M [01:12<00:43, 1.15MB/s]
 62%|██████▏   | 79.4M/127M [01:12<00:43, 1.16MB/s]
 62%|██████▏   | 79.5M/127M [01:12<00:43, 1.16MB/s]
 63%|██████▎   | 79.6M/127M [01:12<00:42, 1.16MB/s]
 63%|██████▎   | 79.8M/127M [01:12<00:42, 1.17MB/s]
 63%|██████▎   | 79.9M/127M [01:12<00:42, 1.17MB/s]
 63%|██████▎   | 80.0M/127M [01:12<00:42, 1.17MB/s]
 63%|██████▎   | 80.1M/127M [01:13<00:42, 1.17MB/s]
 63%|██████▎   | 80.2M/127M [01:13<00:42, 1.17MB/s]
 63%|██████▎   | 80.4M/127M [01:13<00:42, 1.17MB/s]
 63%|██████▎   | 80.5M/127M [01:13<00:42, 1.17MB/s]
 63%|██████▎   | 80.6M/127M [01:13<00:41, 1.17MB/s]
 63%|██████▎   | 80.8M/127M [01:13<00:41, 1.17MB/s]
 64%|██████▎   | 80.9M/127M [01:13<00:41, 1.17MB/s]
 64%|██████▎   | 81.0M/127M [01:13<00:41, 1.17MB/s]
 64%|██████▎   | 81.1M/127M [01:13<00:41, 1.17MB/s]
 64%|██████▍   | 81.2M/127M [01:14<00:41, 1.17MB/s]
 64%|██████▍   | 81.4M/127M [01:14<00:41, 1.17MB/s]
 64%|██████▍   | 81.5M/127M [01:14<00:41, 1.17MB/s]
 64%|██████▍   | 81.6M/127M [01:14<00:40, 1.17MB/s]
 64%|██████▍   | 81.8M/127M [01:14<00:40, 1.17MB/s]
 64%|██████▍   | 81.9M/127M [01:14<00:40, 1.17MB/s]
 64%|██████▍   | 82.0M/127M [01:14<00:40, 1.17MB/s]
 64%|██████▍   | 82.1M/127M [01:14<00:40, 1.17MB/s]
 65%|██████▍   | 82.2M/127M [01:14<00:40, 1.18MB/s]
 65%|██████▍   | 82.4M/127M [01:15<00:40, 1.17MB/s]
 65%|██████▍   | 82.5M/127M [01:15<00:40, 1.17MB/s]
 65%|██████▍   | 82.6M/127M [01:15<00:40, 1.17MB/s]
 65%|██████▍   | 82.8M/127M [01:15<00:39, 1.17MB/s]
 65%|██████▌   | 82.9M/127M [01:15<00:39, 1.17MB/s]
 65%|██████▌   | 83.0M/127M [01:15<00:39, 1.17MB/s]
 65%|██████▌   | 83.1M/127M [01:15<00:39, 1.17MB/s]
 65%|██████▌   | 83.2M/127M [01:15<00:39, 1.17MB/s]
 65%|██████▌   | 83.4M/127M [01:15<00:39, 1.17MB/s]
 66%|██████▌   | 83.5M/127M [01:16<00:39, 1.17MB/s]
 66%|██████▌   | 83.6M/127M [01:16<00:39, 1.17MB/s]
 66%|██████▌   | 83.8M/127M [01:16<00:38, 1.17MB/s]
 66%|██████▌   | 83.9M/127M [01:16<00:38, 1.17MB/s]
 66%|██████▌   | 84.0M/127M [01:16<00:38, 1.17MB/s]
 66%|██████▌   | 84.1M/127M [01:16<00:38, 1.17MB/s]
 66%|██████▌   | 84.2M/127M [01:16<00:38, 1.17MB/s]
 66%|██████▌   | 84.4M/127M [01:16<00:38, 1.17MB/s]
 66%|██████▋   | 84.5M/127M [01:16<00:38, 1.17MB/s]
 66%|██████▋   | 84.6M/127M [01:17<00:38, 1.17MB/s]
 67%|██████▋   | 84.8M/127M [01:17<00:38, 1.17MB/s]
 67%|██████▋   | 84.9M/127M [01:17<00:38, 1.17MB/s]
 67%|██████▋   | 85.0M/127M [01:17<00:37, 1.17MB/s]
 67%|██████▋   | 85.1M/127M [01:17<00:37, 1.17MB/s]
 67%|██████▋   | 85.2M/127M [01:17<00:37, 1.17MB/s]
 67%|██████▋   | 85.4M/127M [01:17<00:37, 1.17MB/s]
 67%|██████▋   | 85.5M/127M [01:17<00:37, 1.17MB/s]
 67%|██████▋   | 85.6M/127M [01:17<00:37, 1.17MB/s]
 67%|██████▋   | 85.8M/127M [01:18<00:37, 1.17MB/s]
 67%|██████▋   | 85.9M/127M [01:18<00:37, 1.17MB/s]
 68%|██████▊   | 86.0M/127M [01:18<00:37, 1.17MB/s]
 68%|██████▊   | 86.1M/127M [01:18<00:36, 1.17MB/s]
 68%|██████▊   | 86.2M/127M [01:18<00:36, 1.17MB/s]
 68%|██████▊   | 86.4M/127M [01:18<00:36, 1.17MB/s]
 68%|██████▊   | 86.5M/127M [01:18<00:36, 1.17MB/s]
 68%|██████▊   | 86.6M/127M [01:18<00:36, 1.17MB/s]
 68%|██████▊   | 86.8M/127M [01:18<00:36, 1.17MB/s]
 68%|██████▊   | 86.9M/127M [01:19<00:36, 1.17MB/s]
 68%|██████▊   | 87.0M/127M [01:19<00:36, 1.17MB/s]
 68%|██████▊   | 87.1M/127M [01:19<00:36, 1.17MB/s]
 69%|██████▊   | 87.2M/127M [01:19<00:35, 1.17MB/s]
 69%|██████▊   | 87.4M/127M [01:19<00:35, 1.17MB/s]
 69%|██████▊   | 87.5M/127M [01:19<00:35, 1.17MB/s]
 69%|██████▉   | 87.6M/127M [01:19<00:35, 1.17MB/s]
 69%|██████▉   | 87.8M/127M [01:19<00:35, 1.17MB/s]
 69%|██████▉   | 87.9M/127M [01:19<00:35, 1.17MB/s]
 69%|██████▉   | 88.0M/127M [01:20<00:35, 1.17MB/s]
 69%|██████▉   | 88.1M/127M [01:20<00:35, 1.17MB/s]
 69%|██████▉   | 88.2M/127M [01:20<00:35, 1.17MB/s]
 69%|██████▉   | 88.4M/127M [01:20<00:34, 1.17MB/s]
 69%|██████▉   | 88.5M/127M [01:20<00:34, 1.17MB/s]
 70%|██████▉   | 88.6M/127M [01:20<00:34, 1.17MB/s]
 70%|██████▉   | 88.8M/127M [01:20<00:34, 1.17MB/s]
 70%|██████▉   | 88.9M/127M [01:20<00:34, 1.17MB/s]
 70%|██████▉   | 89.0M/127M [01:20<00:34, 1.17MB/s]
 70%|██████▉   | 89.1M/127M [01:21<00:34, 1.17MB/s]
 70%|███████   | 89.2M/127M [01:21<00:34, 1.17MB/s]
 70%|███████   | 89.4M/127M [01:21<00:33, 1.17MB/s]
 70%|███████   | 89.5M/127M [01:21<00:33, 1.17MB/s]
 70%|███████   | 89.6M/127M [01:21<00:33, 1.17MB/s]
 70%|███████   | 89.8M/127M [01:21<00:35, 1.11MB/s]
 71%|███████   | 89.9M/127M [01:21<00:38, 1.02MB/s]
 71%|███████   | 90.0M/127M [01:21<00:36, 1.06MB/s]
 71%|███████   | 90.1M/127M [01:22<00:35, 1.09MB/s]
 71%|███████   | 90.2M/127M [01:22<00:34, 1.11MB/s]
 71%|███████   | 90.4M/127M [01:22<00:34, 1.13MB/s]
 71%|███████   | 90.5M/127M [01:22<00:33, 1.14MB/s]
 71%|███████   | 90.6M/127M [01:22<00:33, 1.15MB/s]
 71%|███████▏  | 90.8M/127M [01:22<00:33, 1.16MB/s]
 71%|███████▏  | 90.9M/127M [01:22<00:32, 1.16MB/s]
 71%|███████▏  | 91.0M/127M [01:22<00:32, 1.16MB/s]
 72%|███████▏  | 91.1M/127M [01:22<00:32, 1.17MB/s]
 72%|███████▏  | 91.2M/127M [01:23<00:32, 1.17MB/s]
 72%|███████▏  | 91.4M/127M [01:23<00:32, 1.17MB/s]
 72%|███████▏  | 91.5M/127M [01:23<00:32, 1.17MB/s]
 72%|███████▏  | 91.6M/127M [01:23<00:32, 1.16MB/s]
 72%|███████▏  | 91.8M/127M [01:23<00:32, 1.17MB/s]
 72%|███████▏  | 91.9M/127M [01:23<00:31, 1.16MB/s]
 72%|███████▏  | 92.0M/127M [01:23<00:31, 1.17MB/s]
 72%|███████▏  | 92.1M/127M [01:23<00:31, 1.17MB/s]
 72%|███████▏  | 92.2M/127M [01:23<00:31, 1.17MB/s]
 73%|███████▎  | 92.4M/127M [01:24<00:31, 1.17MB/s]
 73%|███████▎  | 92.5M/127M [01:24<00:31, 1.17MB/s]
 73%|███████▎  | 92.6M/127M [01:24<00:31, 1.16MB/s]
 73%|███████▎  | 92.8M/127M [01:24<00:30, 1.17MB/s]
 73%|███████▎  | 92.9M/127M [01:24<00:30, 1.17MB/s]
 73%|███████▎  | 93.0M/127M [01:24<00:30, 1.17MB/s]
 73%|███████▎  | 93.1M/127M [01:24<00:30, 1.17MB/s]
 73%|███████▎  | 93.2M/127M [01:24<00:30, 1.17MB/s]
 73%|███████▎  | 93.4M/127M [01:24<00:30, 1.17MB/s]
 73%|███████▎  | 93.5M/127M [01:25<00:30, 1.17MB/s]
 74%|███████▎  | 93.6M/127M [01:25<00:30, 1.17MB/s]
 74%|███████▎  | 93.8M/127M [01:25<00:30, 1.17MB/s]
 74%|███████▎  | 93.9M/127M [01:25<00:30, 1.17MB/s]
 74%|███████▍  | 94.0M/127M [01:25<00:29, 1.17MB/s]
 74%|███████▍  | 94.1M/127M [01:25<00:29, 1.17MB/s]
 74%|███████▍  | 94.2M/127M [01:25<00:29, 1.17MB/s]
 74%|███████▍  | 94.4M/127M [01:25<00:29, 1.17MB/s]
 74%|███████▍  | 94.5M/127M [01:25<00:29, 1.17MB/s]
 74%|███████▍  | 94.6M/127M [01:26<00:29, 1.17MB/s]
 74%|███████▍  | 94.8M/127M [01:26<00:29, 1.17MB/s]
 74%|███████▍  | 94.9M/127M [01:26<00:29, 1.17MB/s]
 75%|███████▍  | 95.0M/127M [01:26<00:29, 1.17MB/s]
 75%|███████▍  | 95.1M/127M [01:26<00:28, 1.17MB/s]
 75%|███████▍  | 95.2M/127M [01:26<00:28, 1.17MB/s]
 75%|███████▍  | 95.4M/127M [01:26<00:28, 1.17MB/s]
 75%|███████▍  | 95.5M/127M [01:26<00:28, 1.17MB/s]
 75%|███████▌  | 95.6M/127M [01:26<00:28, 1.17MB/s]
 75%|███████▌  | 95.8M/127M [01:27<00:28, 1.17MB/s]
 75%|███████▌  | 95.9M/127M [01:27<00:28, 1.17MB/s]
 75%|███████▌  | 96.0M/127M [01:27<00:28, 1.17MB/s]
 75%|███████▌  | 96.1M/127M [01:27<00:28, 1.17MB/s]
 76%|███████▌  | 96.2M/127M [01:27<00:27, 1.17MB/s]
 76%|███████▌  | 96.4M/127M [01:27<00:27, 1.17MB/s]
 76%|███████▌  | 96.5M/127M [01:27<00:27, 1.17MB/s]
 76%|███████▌  | 96.6M/127M [01:27<00:27, 1.17MB/s]
 76%|███████▌  | 96.8M/127M [01:28<00:27, 1.17MB/s]
 76%|███████▌  | 96.9M/127M [01:28<00:27, 1.17MB/s]
 76%|███████▌  | 97.0M/127M [01:28<00:27, 1.17MB/s]
 76%|███████▋  | 97.1M/127M [01:28<00:27, 1.17MB/s]
 76%|███████▋  | 97.2M/127M [01:28<00:26, 1.17MB/s]
 76%|███████▋  | 97.4M/127M [01:28<00:26, 1.17MB/s]
 77%|███████▋  | 97.5M/127M [01:28<00:26, 1.17MB/s]
 77%|███████▋  | 97.6M/127M [01:28<00:26, 1.17MB/s]
 77%|███████▋  | 97.8M/127M [01:28<00:26, 1.17MB/s]
 77%|███████▋  | 97.9M/127M [01:29<00:26, 1.17MB/s]
 77%|███████▋  | 98.0M/127M [01:29<00:26, 1.17MB/s]
 77%|███████▋  | 98.1M/127M [01:29<00:26, 1.17MB/s]
 77%|███████▋  | 98.2M/127M [01:29<00:26, 1.17MB/s]
 77%|███████▋  | 98.4M/127M [01:29<00:25, 1.17MB/s]
 77%|███████▋  | 98.5M/127M [01:29<00:25, 1.17MB/s]
 77%|███████▋  | 98.6M/127M [01:29<00:25, 1.17MB/s]
 78%|███████▊  | 98.8M/127M [01:29<00:25, 1.17MB/s]
 78%|███████▊  | 98.9M/127M [01:29<00:25, 1.17MB/s]
 78%|███████▊  | 99.0M/127M [01:30<00:25, 1.17MB/s]
 78%|███████▊  | 99.1M/127M [01:30<00:25, 1.17MB/s]
 78%|███████▊  | 99.2M/127M [01:30<00:25, 1.17MB/s]
 78%|███████▊  | 99.4M/127M [01:30<00:25, 1.17MB/s]
 78%|███████▊  | 99.5M/127M [01:30<00:24, 1.18MB/s]
 78%|███████▊  | 99.6M/127M [01:30<00:24, 1.17MB/s]
 78%|███████▊  | 99.8M/127M [01:30<00:24, 1.17MB/s]
 78%|███████▊  | 99.9M/127M [01:30<00:24, 1.17MB/s]
 79%|███████▊  | 100M/127M [01:30<00:24, 1.17MB/s] 
 79%|███████▊  | 100M/127M [01:31<00:24, 1.17MB/s]
 79%|███████▊  | 100M/127M [01:31<00:24, 1.17MB/s]
 79%|███████▉  | 100M/127M [01:31<00:24, 1.17MB/s]
 79%|███████▉  | 100M/127M [01:31<00:24, 1.17MB/s]
 79%|███████▉  | 101M/127M [01:31<00:23, 1.17MB/s]
 79%|███████▉  | 101M/127M [01:31<00:23, 1.17MB/s]
 79%|███████▉  | 101M/127M [01:31<00:23, 1.17MB/s]
 79%|███████▉  | 101M/127M [01:31<00:23, 1.17MB/s]
 79%|███████▉  | 101M/127M [01:31<00:25, 1.08MB/s]
 79%|███████▉  | 101M/127M [01:32<00:26, 1.03MB/s]
 80%|███████▉  | 101M/127M [01:32<00:25, 1.07MB/s]
 80%|███████▉  | 102M/127M [01:32<00:24, 1.10MB/s]
 80%|███████▉  | 102M/127M [01:32<00:24, 1.12MB/s]
 80%|███████▉  | 102M/127M [01:32<00:23, 1.13MB/s]
 80%|███████▉  | 102M/127M [01:32<00:23, 1.14MB/s]
 80%|████████  | 102M/127M [01:32<00:23, 1.15MB/s]
 80%|████████  | 102M/127M [01:32<00:22, 1.16MB/s]
 80%|████████  | 102M/127M [01:32<00:22, 1.16MB/s]
 80%|████████  | 102M/127M [01:33<00:22, 1.17MB/s]
 80%|████████  | 102M/127M [01:33<00:22, 1.17MB/s]
 81%|████████  | 103M/127M [01:33<00:22, 1.17MB/s]
 81%|████████  | 103M/127M [01:33<00:22, 1.16MB/s]
 81%|████████  | 103M/127M [01:33<00:22, 1.16MB/s]
 81%|████████  | 103M/127M [01:33<00:21, 1.17MB/s]
 81%|████████  | 103M/127M [01:33<00:21, 1.16MB/s]
 81%|████████  | 103M/127M [01:33<00:21, 1.16MB/s]
 81%|████████  | 103M/127M [01:34<00:21, 1.17MB/s]
 81%|████████▏ | 104M/127M [01:34<00:21, 1.16MB/s]
 81%|████████▏ | 104M/127M [01:34<00:21, 1.17MB/s]
 81%|████████▏ | 104M/127M [01:34<00:21, 1.17MB/s]
 82%|████████▏ | 104M/127M [01:34<00:21, 1.17MB/s]
 82%|████████▏ | 104M/127M [01:34<00:20, 1.17MB/s]
 82%|████████▏ | 104M/127M [01:34<00:20, 1.17MB/s]
 82%|████████▏ | 104M/127M [01:34<00:20, 1.17MB/s]
 82%|████████▏ | 104M/127M [01:34<00:20, 1.17MB/s]
 82%|████████▏ | 104M/127M [01:35<00:20, 1.17MB/s]
 82%|████████▏ | 105M/127M [01:35<00:20, 1.17MB/s]
 82%|████████▏ | 105M/127M [01:35<00:20, 1.17MB/s]
 82%|████████▏ | 105M/127M [01:35<00:20, 1.17MB/s]
 82%|████████▏ | 105M/127M [01:35<00:20, 1.17MB/s]
 83%|████████▎ | 105M/127M [01:35<00:19, 1.17MB/s]
 83%|████████▎ | 105M/127M [01:35<00:19, 1.17MB/s]
 83%|████████▎ | 105M/127M [01:35<00:19, 1.17MB/s]
 83%|████████▎ | 106M/127M [01:35<00:19, 1.17MB/s]
 83%|████████▎ | 106M/127M [01:36<00:19, 1.17MB/s]
 83%|████████▎ | 106M/127M [01:36<00:19, 1.17MB/s]
 83%|████████▎ | 106M/127M [01:36<00:19, 1.17MB/s]
 83%|████████▎ | 106M/127M [01:36<00:19, 1.17MB/s]
 83%|████████▎ | 106M/127M [01:36<00:19, 1.17MB/s]
 83%|████████▎ | 106M/127M [01:36<00:18, 1.17MB/s]
 84%|████████▎ | 106M/127M [01:36<00:18, 1.17MB/s]
 84%|████████▎ | 106M/127M [01:36<00:18, 1.17MB/s]
 84%|████████▎ | 107M/127M [01:36<00:18, 1.17MB/s]
 84%|████████▍ | 107M/127M [01:37<00:18, 1.17MB/s]
 84%|████████▍ | 107M/127M [01:37<00:18, 1.17MB/s]
 84%|████████▍ | 107M/127M [01:37<00:18, 1.17MB/s]
 84%|████████▍ | 107M/127M [01:37<00:18, 1.17MB/s]
 84%|████████▍ | 107M/127M [01:37<00:18, 1.17MB/s]
 84%|████████▍ | 107M/127M [01:37<00:17, 1.16MB/s]
 84%|████████▍ | 108M/127M [01:37<00:17, 1.17MB/s]
 85%|████████▍ | 108M/127M [01:37<00:17, 1.17MB/s]
 85%|████████▍ | 108M/127M [01:37<00:17, 1.16MB/s]
 85%|████████▍ | 108M/127M [01:38<00:17, 1.17MB/s]
 85%|████████▍ | 108M/127M [01:38<00:17, 1.17MB/s]
 85%|████████▍ | 108M/127M [01:38<00:17, 1.17MB/s]
 85%|████████▍ | 108M/127M [01:38<00:17, 1.17MB/s]
 85%|████████▌ | 108M/127M [01:38<00:17, 1.17MB/s]
 85%|████████▌ | 108M/127M [01:38<00:16, 1.17MB/s]
 85%|████████▌ | 109M/127M [01:38<00:16, 1.17MB/s]
 85%|████████▌ | 109M/127M [01:38<00:16, 1.17MB/s]
 85%|████████▌ | 109M/127M [01:38<00:16, 1.17MB/s]
 86%|████████▌ | 109M/127M [01:39<00:16, 1.17MB/s]
 86%|████████▌ | 109M/127M [01:39<00:17, 1.12MB/s]
 86%|████████▌ | 109M/127M [01:39<00:18, 1.01MB/s]
 86%|████████▌ | 109M/127M [01:39<00:17, 1.06MB/s]
 86%|████████▌ | 110M/127M [01:39<00:17, 1.09MB/s]
 86%|████████▌ | 110M/127M [01:39<00:16, 1.11MB/s]
 86%|████████▌ | 110M/127M [01:39<00:16, 1.13MB/s]
 86%|████████▋ | 110M/127M [01:39<00:16, 1.14MB/s]
 86%|████████▋ | 110M/127M [01:40<00:15, 1.15MB/s]
 86%|████████▋ | 110M/127M [01:40<00:15, 1.15MB/s]
 87%|████████▋ | 110M/127M [01:40<00:15, 1.16MB/s]
 87%|████████▋ | 110M/127M [01:40<00:15, 1.16MB/s]
 87%|████████▋ | 110M/127M [01:40<00:15, 1.16MB/s]
 87%|████████▋ | 111M/127M [01:40<00:15, 1.17MB/s]
 87%|████████▋ | 111M/127M [01:40<00:14, 1.17MB/s]
 87%|████████▋ | 111M/127M [01:40<00:14, 1.17MB/s]
 87%|████████▋ | 111M/127M [01:40<00:14, 1.17MB/s]
 87%|████████▋ | 111M/127M [01:41<00:14, 1.17MB/s]
 87%|████████▋ | 111M/127M [01:41<00:14, 1.17MB/s]
 87%|████████▋ | 111M/127M [01:41<00:14, 1.17MB/s]
 88%|████████▊ | 112M/127M [01:41<00:14, 1.17MB/s]
 88%|████████▊ | 112M/127M [01:41<00:14, 1.17MB/s]
 88%|████████▊ | 112M/127M [01:41<00:14, 1.17MB/s]
 88%|████████▊ | 112M/127M [01:41<00:13, 1.17MB/s]
 88%|████████▊ | 112M/127M [01:41<00:13, 1.17MB/s]
 88%|████████▊ | 112M/127M [01:41<00:13, 1.17MB/s]
 88%|████████▊ | 112M/127M [01:42<00:13, 1.17MB/s]
 88%|████████▊ | 112M/127M [01:42<00:14, 1.11MB/s]
 88%|████████▊ | 112M/127M [01:42<00:15, 1.02MB/s]
 88%|████████▊ | 113M/127M [01:42<00:14, 1.06MB/s]
 89%|████████▊ | 113M/127M [01:42<00:14, 1.09MB/s]
 89%|████████▊ | 113M/127M [01:42<00:13, 1.11MB/s]
 89%|████████▊ | 113M/127M [01:42<00:13, 1.13MB/s]
 89%|████████▉ | 113M/127M [01:42<00:13, 1.14MB/s]
 89%|████████▉ | 113M/127M [01:42<00:12, 1.15MB/s]
 89%|████████▉ | 113M/127M [01:43<00:12, 1.15MB/s]
 89%|████████▉ | 114M/127M [01:43<00:12, 1.16MB/s]
 89%|████████▉ | 114M/127M [01:43<00:12, 1.16MB/s]
 89%|████████▉ | 114M/127M [01:43<00:12, 1.16MB/s]
 89%|████████▉ | 114M/127M [01:43<00:12, 1.16MB/s]
 90%|████████▉ | 114M/127M [01:43<00:12, 1.16MB/s]
 90%|████████▉ | 114M/127M [01:43<00:11, 1.16MB/s]
 90%|████████▉ | 114M/127M [01:43<00:11, 1.16MB/s]
 90%|████████▉ | 114M/127M [01:43<00:11, 1.16MB/s]
 90%|████████▉ | 114M/127M [01:44<00:11, 1.16MB/s]
 90%|█████████ | 115M/127M [01:44<00:11, 1.17MB/s]
 90%|█████████ | 115M/127M [01:44<00:11, 1.16MB/s]
 90%|█████████ | 115M/127M [01:44<00:11, 1.17MB/s]
 90%|█████████ | 115M/127M [01:44<00:11, 1.17MB/s]
 90%|█████████ | 115M/127M [01:44<00:11, 1.17MB/s]
 90%|█████████ | 115M/127M [01:44<00:10, 1.17MB/s]
 91%|█████████ | 115M/127M [01:44<00:10, 1.17MB/s]
 91%|█████████ | 116M/127M [01:45<00:10, 1.17MB/s]
 91%|█████████ | 116M/127M [01:45<00:10, 1.17MB/s]
 91%|█████████ | 116M/127M [01:45<00:10, 1.17MB/s]
 91%|█████████ | 116M/127M [01:45<00:10, 1.17MB/s]
 91%|█████████ | 116M/127M [01:45<00:10, 1.17MB/s]
 91%|█████████ | 116M/127M [01:45<00:10, 1.17MB/s]
 91%|█████████▏| 116M/127M [01:45<00:09, 1.17MB/s]
 91%|█████████▏| 116M/127M [01:45<00:09, 1.17MB/s]
 91%|█████████▏| 116M/127M [01:45<00:09, 1.17MB/s]
 92%|█████████▏| 117M/127M [01:46<00:09, 1.17MB/s]
 92%|█████████▏| 117M/127M [01:46<00:09, 1.17MB/s]
 92%|█████████▏| 117M/127M [01:46<00:09, 1.17MB/s]
 92%|█████████▏| 117M/127M [01:46<00:09, 1.17MB/s]
 92%|█████████▏| 117M/127M [01:46<00:09, 1.17MB/s]
 92%|█████████▏| 117M/127M [01:46<00:09, 1.17MB/s]
 92%|█████████▏| 117M/127M [01:46<00:08, 1.17MB/s]
 92%|█████████▏| 118M/127M [01:46<00:08, 1.17MB/s]
 92%|█████████▏| 118M/127M [01:46<00:08, 1.17MB/s]
 92%|█████████▏| 118M/127M [01:47<00:08, 1.17MB/s]
 93%|█████████▎| 118M/127M [01:47<00:08, 1.17MB/s]
 93%|█████████▎| 118M/127M [01:47<00:08, 1.17MB/s]
 93%|█████████▎| 118M/127M [01:47<00:08, 1.17MB/s]
 93%|█████████▎| 118M/127M [01:47<00:08, 1.17MB/s]
 93%|█████████▎| 118M/127M [01:47<00:08, 1.17MB/s]
 93%|█████████▎| 118M/127M [01:47<00:07, 1.17MB/s]
 93%|█████████▎| 119M/127M [01:47<00:07, 1.17MB/s]
 93%|█████████▎| 119M/127M [01:47<00:07, 1.17MB/s]
 93%|█████████▎| 119M/127M [01:48<00:07, 1.17MB/s]
 93%|█████████▎| 119M/127M [01:48<00:07, 1.17MB/s]
 94%|█████████▎| 119M/127M [01:48<00:07, 1.17MB/s]
 94%|█████████▎| 119M/127M [01:48<00:07, 1.17MB/s]
 94%|█████████▎| 119M/127M [01:48<00:07, 1.17MB/s]
 94%|█████████▍| 120M/127M [01:48<00:07, 1.17MB/s]
 94%|█████████▍| 120M/127M [01:48<00:06, 1.17MB/s]
 94%|█████████▍| 120M/127M [01:48<00:06, 1.17MB/s]
 94%|█████████▍| 120M/127M [01:48<00:06, 1.17MB/s]
 94%|█████████▍| 120M/127M [01:49<00:06, 1.17MB/s]
 94%|█████████▍| 120M/127M [01:49<00:06, 1.17MB/s]
 94%|█████████▍| 120M/127M [01:49<00:06, 1.17MB/s]
 95%|█████████▍| 120M/127M [01:49<00:06, 1.17MB/s]
 95%|█████████▍| 120M/127M [01:49<00:06, 1.17MB/s]
 95%|█████████▍| 121M/127M [01:49<00:06, 1.17MB/s]
 95%|█████████▍| 121M/127M [01:49<00:05, 1.17MB/s]
 95%|█████████▍| 121M/127M [01:49<00:05, 1.17MB/s]
 95%|█████████▌| 121M/127M [01:49<00:05, 1.17MB/s]
 95%|█████████▌| 121M/127M [01:50<00:05, 1.17MB/s]
 95%|█████████▌| 121M/127M [01:50<00:05, 1.17MB/s]
 95%|█████████▌| 121M/127M [01:50<00:05, 1.17MB/s]
 95%|█████████▌| 122M/127M [01:50<00:05, 1.17MB/s]
 95%|█████████▌| 122M/127M [01:50<00:05, 1.17MB/s]
 96%|█████████▌| 122M/127M [01:50<00:05, 1.17MB/s]
 96%|█████████▌| 122M/127M [01:50<00:04, 1.17MB/s]
 96%|█████████▌| 122M/127M [01:50<00:04, 1.17MB/s]
 96%|█████████▌| 122M/127M [01:50<00:04, 1.17MB/s]
 96%|█████████▌| 122M/127M [01:51<00:04, 1.17MB/s]
 96%|█████████▌| 122M/127M [01:51<00:04, 1.17MB/s]
 96%|█████████▌| 122M/127M [01:51<00:04, 1.17MB/s]
 96%|█████████▋| 123M/127M [01:51<00:04, 1.17MB/s]
 96%|█████████▋| 123M/127M [01:51<00:04, 1.17MB/s]
 96%|█████████▋| 123M/127M [01:51<00:04, 1.17MB/s]
 97%|█████████▋| 123M/127M [01:51<00:03, 1.17MB/s]
 97%|█████████▋| 123M/127M [01:51<00:03, 1.17MB/s]
 97%|█████████▋| 123M/127M [01:51<00:03, 1.17MB/s]
 97%|█████████▋| 123M/127M [01:52<00:03, 1.17MB/s]
 97%|█████████▋| 124M/127M [01:52<00:03, 1.17MB/s]
 97%|█████████▋| 124M/127M [01:52<00:03, 1.14MB/s]
 97%|█████████▋| 124M/127M [01:52<00:03, 1.05MB/s]
 97%|█████████▋| 124M/127M [01:52<00:03, 1.02MB/s]
 97%|█████████▋| 124M/127M [01:52<00:03, 1.06MB/s]
 97%|█████████▋| 124M/127M [01:52<00:03, 1.09MB/s]
 98%|█████████▊| 124M/127M [01:52<00:02, 1.11MB/s]
 98%|█████████▊| 124M/127M [01:53<00:02, 1.13MB/s]
 98%|█████████▊| 124M/127M [01:53<00:02, 1.14MB/s]
 98%|█████████▊| 125M/127M [01:53<00:02, 1.15MB/s]
 98%|█████████▊| 125M/127M [01:53<00:02, 1.16MB/s]
 98%|█████████▊| 125M/127M [01:53<00:02, 1.16MB/s]
 98%|█████████▊| 125M/127M [01:53<00:02, 1.17MB/s]
 98%|█████████▊| 125M/127M [01:53<00:02, 1.17MB/s]
 98%|█████████▊| 125M/127M [01:53<00:01, 1.17MB/s]
 98%|█████████▊| 125M/127M [01:53<00:01, 1.16MB/s]
 99%|█████████▊| 126M/127M [01:54<00:01, 1.17MB/s]
 99%|█████████▊| 126M/127M [01:54<00:01, 1.17MB/s]
 99%|█████████▊| 126M/127M [01:54<00:01, 1.17MB/s]
 99%|█████████▉| 126M/127M [01:54<00:01, 1.17MB/s]
 99%|█████████▉| 126M/127M [01:54<00:01, 1.17MB/s]
 99%|█████████▉| 126M/127M [01:54<00:01, 1.17MB/s]
 99%|█████████▉| 126M/127M [01:54<00:00, 1.17MB/s]
 99%|█████████▉| 126M/127M [01:54<00:00, 1.17MB/s]
 99%|█████████▉| 126M/127M [01:54<00:00, 1.17MB/s]
 99%|█████████▉| 127M/127M [01:55<00:00, 1.17MB/s]
100%|█████████▉| 127M/127M [01:55<00:00, 1.17MB/s]
100%|█████████▉| 127M/127M [01:55<00:00, 1.17MB/s]
100%|█████████▉| 127M/127M [01:55<00:00, 1.17MB/s]
100%|█████████▉| 127M/127M [01:55<00:00, 1.17MB/s]
100%|█████████▉| 127M/127M [01:55<00:00, 1.17MB/s]
100%|██████████| 127M/127M [01:55<00:00, 1.15MB/s]
Traceback (most recent call last):
  File "/home/rils/dlacksdn/miniconda3/envs/wm/lib/python3.10/site-packages/huggingface_hub/file_download.py", line 1746, in _get_metadata_or_catch_error
    metadata = get_hf_file_metadata(
  File "/home/rils/dlacksdn/miniconda3/envs/wm/lib/python3.10/site-packages/huggingface_hub/utils/_validators.py", line 114, in _inner_fn
    return fn(*args, **kwargs)
  File "/home/rils/dlacksdn/miniconda3/envs/wm/lib/python3.10/site-packages/huggingface_hub/file_download.py", line 1666, in get_hf_file_metadata
    r = _request_wrapper(
  File "/home/rils/dlacksdn/miniconda3/envs/wm/lib/python3.10/site-packages/huggingface_hub/file_download.py", line 364, in _request_wrapper
    response = _request_wrapper(
  File "/home/rils/dlacksdn/miniconda3/envs/wm/lib/python3.10/site-packages/huggingface_hub/file_download.py", line 387, in _request_wrapper
    response = get_session().request(method=method, url=url, **params)
  File "/home/rils/dlacksdn/miniconda3/envs/wm/lib/python3.10/site-packages/requests/sessions.py", line 651, in request
    resp = self.send(prep, **send_kwargs)
  File "/home/rils/dlacksdn/miniconda3/envs/wm/lib/python3.10/site-packages/requests/sessions.py", line 784, in send
    r = adapter.send(request, **kwargs)
  File "/home/rils/dlacksdn/miniconda3/envs/wm/lib/python3.10/site-packages/huggingface_hub/utils/_http.py", line 104, in send
    raise OfflineModeIsEnabled(
huggingface_hub.errors.OfflineModeIsEnabled: Cannot reach https://huggingface.co/timm/vit_small_patch14_dinov2.lvd142m/resolve/main/pytorch_model.bin: offline mode is enabled. To disable it, please unset the `HF_HUB_OFFLINE` environment variable.

The above exception was the direct cause of the following exception:

Traceback (most recent call last):
  File "/home/rils/dlacksdn/2026_Inha_AI_challenge_WM/scripts/run_m0.py", line 162, in <module>
    main()
  File "/home/rils/dlacksdn/2026_Inha_AI_challenge_WM/scripts/run_m0.py", line 111, in main
    scorer = S.LocalScorer(Path(args.submission_kit), Path(args.action_stats), device=args.device)
  File "/home/rils/dlacksdn/2026_Inha_AI_challenge_WM/src/wm_eval/scoring.py", line 50, in __init__
    self.dino_model = F.load_dino_model(self.device, self.DINO_MODEL, pretrained=True)
  File "/home/rils/inha_challenge_datasets/submission_kit/feature_csv_utils.py", line 199, in load_dino_model
    model = timm.create_model(model_name, pretrained=pretrained, num_classes=0)
  File "/home/rils/dlacksdn/miniconda3/envs/wm/lib/python3.10/site-packages/timm/models/_factory.py", line 138, in create_model
    model = create_fn(
  File "/home/rils/dlacksdn/miniconda3/envs/wm/lib/python3.10/site-packages/timm/models/vision_transformer.py", line 3859, in vit_small_patch14_dinov2
    model = _create_vision_transformer(
  File "/home/rils/dlacksdn/miniconda3/envs/wm/lib/python3.10/site-packages/timm/models/vision_transformer.py", line 3093, in _create_vision_transformer
    return build_model_with_cfg(
  File "/home/rils/dlacksdn/miniconda3/envs/wm/lib/python3.10/site-packages/timm/models/_builder.py", line 457, in build_model_with_cfg
    load_pretrained(
  File "/home/rils/dlacksdn/miniconda3/envs/wm/lib/python3.10/site-packages/timm/models/_builder.py", line 226, in load_pretrained
    state_dict = load_state_dict_from_hf(pretrained_loc, weights_only=True, cache_dir=cache_dir)
  File "/home/rils/dlacksdn/miniconda3/envs/wm/lib/python3.10/site-packages/timm/models/_hub.py", line 241, in load_state_dict_from_hf
    cached_file = hf_hub_download(
  File "/home/rils/dlacksdn/miniconda3/envs/wm/lib/python3.10/site-packages/huggingface_hub/utils/_deprecation.py", line 101, in inner_f
    return f(*args, **kwargs)
  File "/home/rils/dlacksdn/miniconda3/envs/wm/lib/python3.10/site-packages/huggingface_hub/utils/_validators.py", line 114, in _inner_fn
    return fn(*args, **kwargs)
  File "/home/rils/dlacksdn/miniconda3/envs/wm/lib/python3.10/site-packages/huggingface_hub/file_download.py", line 1232, in hf_hub_download
    return _hf_hub_download_to_cache_dir(
  File "/home/rils/dlacksdn/miniconda3/envs/wm/lib/python3.10/site-packages/huggingface_hub/file_download.py", line 1339, in _hf_hub_download_to_cache_dir
    _raise_on_head_call_error(head_call_error, force_download, local_files_only)
  File "/home/rils/dlacksdn/miniconda3/envs/wm/lib/python3.10/site-packages/huggingface_hub/file_download.py", line 1857, in _raise_on_head_call_error
    raise LocalEntryNotFoundError(
huggingface_hub.errors.LocalEntryNotFoundError: An error happened while trying to locate the file on the Hub and we cannot find the requested files in the local cache. Please check your connection and try again or make sure your Internet connection is on.
ERROR conda.cli.main_run:execute(148): `conda run python scripts/run_m0.py --holdout /home/rils/dlacksdn/2026_Inha_AI_challenge_WM/artifacts/holdout --submission-kit open/submission_kit --action-stats open/data/train/so100_action_statistics.json --pred-dir /home/rils/dlacksdn/2026_Inha_AI_challenge_WM/artifacts/m3/partA/cfg10 --pred-name base_cfg10 --skip-static --skip-gt --out /home/rils/dlacksdn/2026_Inha_AI_challenge_WM/results/m3/partA/cfg10` failed. (See above for error)

PART A RESUME (tags 15-40) 2026-07-25 05:23:39
==========================================================
[sweep] tag=15  λ=1.5  ckpt=baseline_diffusion.ckpt  -> /home/rils/dlacksdn/2026_Inha_AI_challenge_WM/artifacts/m3/partA/cfg15
==========================================================
AE working on z of shape (1, 4, 32, 32) = 4096 dimensions.
Baseline Video Generation: Switched to EMA weights
Baseline Video Generation: Restored training weights
[generate] wrote predictions for 1/96 samples
Baseline Video Generation: Switched to EMA weights
Baseline Video Generation: Restored training weights
[generate] wrote predictions for 2/96 samples
Baseline Video Generation: Switched to EMA weights
Baseline Video Generation: Restored training weights
[generate] wrote predictions for 3/96 samples
Baseline Video Generation: Switched to EMA weights
Baseline Video Generation: Restored training weights
[generate] wrote predictions for 4/96 samples
Baseline Video Generation: Switched to EMA weights
Baseline Video Generation: Restored training weights
[generate] wrote predictions for 5/96 samples
Baseline Video Generation: Switched to EMA weights
Baseline Video Generation: Restored training weights
[generate] wrote predictions for 6/96 samples
Baseline Video Generation: Switched to EMA weights
Baseline Video Generation: Restored training weights
[generate] wrote predictions for 7/96 samples
Baseline Video Generation: Switched to EMA weights
Baseline Video Generation: Restored training weights
[generate] wrote predictions for 8/96 samples
Baseline Video Generation: Switched to EMA weights
Baseline Video Generation: Restored training weights
[generate] wrote predictions for 9/96 samples
Baseline Video Generation: Switched to EMA weights
Baseline Video Generation: Restored training weights
[generate] wrote predictions for 10/96 samples
Baseline Video Generation: Switched to EMA weights
Baseline Video Generation: Restored training weights
[generate] wrote predictions for 11/96 samples
Baseline Video Generation: Switched to EMA weights
Baseline Video Generation: Restored training weights
[generate] wrote predictions for 12/96 samples
Baseline Video Generation: Switched to EMA weights
Baseline Video Generation: Restored training weights
[generate] wrote predictions for 13/96 samples
Baseline Video Generation: Switched to EMA weights
Baseline Video Generation: Restored training weights
[generate] wrote predictions for 14/96 samples
Baseline Video Generation: Switched to EMA weights
Baseline Video Generation: Restored training weights
[generate] wrote predictions for 15/96 samples
Baseline Video Generation: Switched to EMA weights
Baseline Video Generation: Restored training weights
[generate] wrote predictions for 16/96 samples
Baseline Video Generation: Switched to EMA weights
Baseline Video Generation: Restored training weights
[generate] wrote predictions for 17/96 samples
Baseline Video Generation: Switched to EMA weights
Baseline Video Generation: Restored training weights
[generate] wrote predictions for 18/96 samples
Baseline Video Generation: Switched to EMA weights
Baseline Video Generation: Restored training weights
[generate] wrote predictions for 19/96 samples
Baseline Video Generation: Switched to EMA weights
Baseline Video Generation: Restored training weights
[generate] wrote predictions for 20/96 samples
Baseline Video Generation: Switched to EMA weights
Baseline Video Generation: Restored training weights
[generate] wrote predictions for 21/96 samples
Baseline Video Generation: Switched to EMA weights
Baseline Video Generation: Restored training weights
[generate] wrote predictions for 22/96 samples
Baseline Video Generation: Switched to EMA weights
Baseline Video Generation: Restored training weights
[generate] wrote predictions for 23/96 samples
Baseline Video Generation: Switched to EMA weights
Baseline Video Generation: Restored training weights
[generate] wrote predictions for 24/96 samples
Baseline Video Generation: Switched to EMA weights
Baseline Video Generation: Restored training weights
[generate] wrote predictions for 25/96 samples
Baseline Video Generation: Switched to EMA weights
Baseline Video Generation: Restored training weights
[generate] wrote predictions for 26/96 samples
Baseline Video Generation: Switched to EMA weights
Baseline Video Generation: Restored training weights
[generate] wrote predictions for 27/96 samples
Baseline Video Generation: Switched to EMA weights
Baseline Video Generation: Restored training weights
[generate] wrote predictions for 28/96 samples
Baseline Video Generation: Switched to EMA weights
Baseline Video Generation: Restored training weights
[generate] wrote predictions for 29/96 samples
Baseline Video Generation: Switched to EMA weights
Baseline Video Generation: Restored training weights
[generate] wrote predictions for 30/96 samples
Baseline Video Generation: Switched to EMA weights
Baseline Video Generation: Restored training weights
[generate] wrote predictions for 31/96 samples
Baseline Video Generation: Switched to EMA weights
Baseline Video Generation: Restored training weights
[generate] wrote predictions for 32/96 samples
Baseline Video Generation: Switched to EMA weights
Baseline Video Generation: Restored training weights
[generate] wrote predictions for 33/96 samples
Baseline Video Generation: Switched to EMA weights
Baseline Video Generation: Restored training weights
[generate] wrote predictions for 34/96 samples
Baseline Video Generation: Switched to EMA weights
Baseline Video Generation: Restored training weights
[generate] wrote predictions for 35/96 samples
Baseline Video Generation: Switched to EMA weights
Baseline Video Generation: Restored training weights
[generate] wrote predictions for 36/96 samples
Baseline Video Generation: Switched to EMA weights
Baseline Video Generation: Restored training weights
[generate] wrote predictions for 37/96 samples
Baseline Video Generation: Switched to EMA weights
Baseline Video Generation: Restored training weights
[generate] wrote predictions for 38/96 samples
Baseline Video Generation: Switched to EMA weights
Baseline Video Generation: Restored training weights
[generate] wrote predictions for 39/96 samples
Baseline Video Generation: Switched to EMA weights
Baseline Video Generation: Restored training weights
[generate] wrote predictions for 40/96 samples
Baseline Video Generation: Switched to EMA weights
Baseline Video Generation: Restored training weights
[generate] wrote predictions for 41/96 samples
Baseline Video Generation: Switched to EMA weights
Baseline Video Generation: Restored training weights
[generate] wrote predictions for 42/96 samples
Baseline Video Generation: Switched to EMA weights
Baseline Video Generation: Restored training weights
[generate] wrote predictions for 43/96 samples
Baseline Video Generation: Switched to EMA weights
Baseline Video Generation: Restored training weights
[generate] wrote predictions for 44/96 samples
Baseline Video Generation: Switched to EMA weights
Baseline Video Generation: Restored training weights
[generate] wrote predictions for 45/96 samples
Baseline Video Generation: Switched to EMA weights
Baseline Video Generation: Restored training weights
[generate] wrote predictions for 46/96 samples
Baseline Video Generation: Switched to EMA weights
Baseline Video Generation: Restored training weights
[generate] wrote predictions for 47/96 samples
Baseline Video Generation: Switched to EMA weights
Baseline Video Generation: Restored training weights
[generate] wrote predictions for 48/96 samples
Baseline Video Generation: Switched to EMA weights
Baseline Video Generation: Restored training weights
[generate] wrote predictions for 49/96 samples
Baseline Video Generation: Switched to EMA weights
Baseline Video Generation: Restored training weights
[generate] wrote predictions for 50/96 samples
Baseline Video Generation: Switched to EMA weights
Baseline Video Generation: Restored training weights
[generate] wrote predictions for 51/96 samples
Baseline Video Generation: Switched to EMA weights
Baseline Video Generation: Restored training weights
[generate] wrote predictions for 52/96 samples
Baseline Video Generation: Switched to EMA weights
Baseline Video Generation: Restored training weights
[generate] wrote predictions for 53/96 samples
Baseline Video Generation: Switched to EMA weights
Baseline Video Generation: Restored training weights
[generate] wrote predictions for 54/96 samples
Baseline Video Generation: Switched to EMA weights
Baseline Video Generation: Restored training weights
[generate] wrote predictions for 55/96 samples
Baseline Video Generation: Switched to EMA weights
Baseline Video Generation: Restored training weights
[generate] wrote predictions for 56/96 samples
Baseline Video Generation: Switched to EMA weights
Baseline Video Generation: Restored training weights
[generate] wrote predictions for 57/96 samples
Baseline Video Generation: Switched to EMA weights
Baseline Video Generation: Restored training weights
[generate] wrote predictions for 58/96 samples
Baseline Video Generation: Switched to EMA weights
Baseline Video Generation: Restored training weights
[generate] wrote predictions for 59/96 samples
Baseline Video Generation: Switched to EMA weights
Baseline Video Generation: Restored training weights
[generate] wrote predictions for 60/96 samples
Baseline Video Generation: Switched to EMA weights
Baseline Video Generation: Restored training weights
[generate] wrote predictions for 61/96 samples
Baseline Video Generation: Switched to EMA weights
Baseline Video Generation: Restored training weights
[generate] wrote predictions for 62/96 samples
Baseline Video Generation: Switched to EMA weights
Baseline Video Generation: Restored training weights
[generate] wrote predictions for 63/96 samples
Baseline Video Generation: Switched to EMA weights
Baseline Video Generation: Restored training weights
[generate] wrote predictions for 64/96 samples
Baseline Video Generation: Switched to EMA weights
Baseline Video Generation: Restored training weights
[generate] wrote predictions for 65/96 samples
Baseline Video Generation: Switched to EMA weights
Baseline Video Generation: Restored training weights
[generate] wrote predictions for 66/96 samples
Baseline Video Generation: Switched to EMA weights
Baseline Video Generation: Restored training weights
[generate] wrote predictions for 67/96 samples
Baseline Video Generation: Switched to EMA weights
Baseline Video Generation: Restored training weights
[generate] wrote predictions for 68/96 samples
Baseline Video Generation: Switched to EMA weights
Baseline Video Generation: Restored training weights
[generate] wrote predictions for 69/96 samples
Baseline Video Generation: Switched to EMA weights
Baseline Video Generation: Restored training weights
[generate] wrote predictions for 70/96 samples
Baseline Video Generation: Switched to EMA weights
Baseline Video Generation: Restored training weights
[generate] wrote predictions for 71/96 samples
Baseline Video Generation: Switched to EMA weights
Baseline Video Generation: Restored training weights
[generate] wrote predictions for 72/96 samples
Baseline Video Generation: Switched to EMA weights
Baseline Video Generation: Restored training weights
[generate] wrote predictions for 73/96 samples
Baseline Video Generation: Switched to EMA weights
Baseline Video Generation: Restored training weights
[generate] wrote predictions for 74/96 samples
Baseline Video Generation: Switched to EMA weights
Baseline Video Generation: Restored training weights
[generate] wrote predictions for 75/96 samples
Baseline Video Generation: Switched to EMA weights
Baseline Video Generation: Restored training weights
[generate] wrote predictions for 76/96 samples
Baseline Video Generation: Switched to EMA weights
Baseline Video Generation: Restored training weights
[generate] wrote predictions for 77/96 samples
Baseline Video Generation: Switched to EMA weights
Baseline Video Generation: Restored training weights
[generate] wrote predictions for 78/96 samples
Baseline Video Generation: Switched to EMA weights
Baseline Video Generation: Restored training weights
[generate] wrote predictions for 79/96 samples
Baseline Video Generation: Switched to EMA weights
Baseline Video Generation: Restored training weights
[generate] wrote predictions for 80/96 samples
Baseline Video Generation: Switched to EMA weights
Baseline Video Generation: Restored training weights
[generate] wrote predictions for 81/96 samples
Baseline Video Generation: Switched to EMA weights
Baseline Video Generation: Restored training weights
[generate] wrote predictions for 82/96 samples
Baseline Video Generation: Switched to EMA weights
Baseline Video Generation: Restored training weights
[generate] wrote predictions for 83/96 samples
Baseline Video Generation: Switched to EMA weights
Baseline Video Generation: Restored training weights
[generate] wrote predictions for 84/96 samples
Baseline Video Generation: Switched to EMA weights
Baseline Video Generation: Restored training weights
[generate] wrote predictions for 85/96 samples
Baseline Video Generation: Switched to EMA weights
Baseline Video Generation: Restored training weights
[generate] wrote predictions for 86/96 samples
Baseline Video Generation: Switched to EMA weights
Baseline Video Generation: Restored training weights
[generate] wrote predictions for 87/96 samples
Baseline Video Generation: Switched to EMA weights
Baseline Video Generation: Restored training weights
[generate] wrote predictions for 88/96 samples
Baseline Video Generation: Switched to EMA weights
Baseline Video Generation: Restored training weights
[generate] wrote predictions for 89/96 samples
Baseline Video Generation: Switched to EMA weights
Baseline Video Generation: Restored training weights
[generate] wrote predictions for 90/96 samples
Baseline Video Generation: Switched to EMA weights
Baseline Video Generation: Restored training weights
[generate] wrote predictions for 91/96 samples
Baseline Video Generation: Switched to EMA weights
Baseline Video Generation: Restored training weights
[generate] wrote predictions for 92/96 samples
Baseline Video Generation: Switched to EMA weights
Baseline Video Generation: Restored training weights
[generate] wrote predictions for 93/96 samples
Baseline Video Generation: Switched to EMA weights
Baseline Video Generation: Restored training weights
[generate] wrote predictions for 94/96 samples
Baseline Video Generation: Switched to EMA weights
Baseline Video Generation: Restored training weights
[generate] wrote predictions for 95/96 samples
Baseline Video Generation: Switched to EMA weights
Baseline Video Generation: Restored training weights
[generate] wrote predictions for 96/96 samples
/home/rils/dlacksdn/miniconda3/envs/wm/lib/python3.10/site-packages/torchvision/io/image.py:14: UserWarning: Failed to load image Python extension: 'libpng16.ca116d9f.so.16: cannot open shared object file: No such file or directory'If you don't plan on using image functionality from `torchvision.io`, you can ignore this warning. Otherwise, there might be something wrong with your environment. Did you have `libjpeg` or `libpng` installed before building `torchvision` from source?
  warn(
/home/rils/dlacksdn/miniconda3/envs/wm/lib/python3.10/site-packages/timm/models/layers/__init__.py:49: FutureWarning: Importing from timm.models.layers is deprecated, please import via timm.layers
  warnings.warn(f"Importing from {__name__} is deprecated, please import via timm.layers", FutureWarning)
/home/rils/inha_challenge_datasets/baseline/challenge_kit/scripts/inference/generate_baseline_videos.py:82: FutureWarning: `torch.cuda.amp.autocast(args...)` is deprecated. Please use `torch.amp.autocast('cuda', args...)` instead.
  amp_context = torch.cuda.amp.autocast() if args.precision == 16 and device.type == "cuda" else nullcontext()
/home/rils/dlacksdn/miniconda3/envs/wm/lib/python3.10/site-packages/torchvision/io/_video_deprecation_warning.py:5: UserWarning: The video decoding and encoding capabilities of torchvision are deprecated from version 0.22 and will be removed in version 0.24. We recommend that you migrate to TorchCodec, where we'll consolidate the future decoding/encoding capabilities of PyTorch: https://github.com/pytorch/torchcodec
  warnings.warn(
[sweep] 생성 완료: 96 mp4, 458s
[m0] 채점 모델 로딩 (submission_kit=open/submission_kit) ...
[m0] 채점 중: base_cfg15  (/home/rils/dlacksdn/2026_Inha_AI_challenge_WM/artifacts/m3/partA/cfg15)

==============================================================================
M0 바닥값 (n=96, seed=0)  — 0에 가까울수록 좋음
==============================================================================
predictor         DINO(favg)  DINO(flat)     Video    Action  TOTAL(favg)
------------------------------------------------------------------------------
base_cfg15           0.55740     0.55677   0.22031   1.19324      0.71061
------------------------------------------------------------------------------

[Action 차원별 정규화 MAE]  dims=[pan, lift, elbow, wflex, wroll, grip]
  base_cfg15       1.08  1.90  1.51  0.75  0.99  0.92

[m0] 리포트 저장: /home/rils/dlacksdn/2026_Inha_AI_challenge_WM/results/m3/partA/cfg15/m0_report.json
/home/rils/dlacksdn/miniconda3/envs/wm/lib/python3.10/site-packages/torchvision/io/image.py:14: UserWarning: Failed to load image Python extension: 'libpng16.ca116d9f.so.16: cannot open shared object file: No such file or directory'If you don't plan on using image functionality from `torchvision.io`, you can ignore this warning. Otherwise, there might be something wrong with your environment. Did you have `libjpeg` or `libpng` installed before building `torchvision` from source?
  warn(
[sweep] 채점 완료: 57s (누적 515s)
==========================================================
[sweep] tag=20  λ=2.0  ckpt=baseline_diffusion.ckpt  -> /home/rils/dlacksdn/2026_Inha_AI_challenge_WM/artifacts/m3/partA/cfg20
==========================================================
AE working on z of shape (1, 4, 32, 32) = 4096 dimensions.
Baseline Video Generation: Switched to EMA weights
Baseline Video Generation: Restored training weights
[generate] wrote predictions for 1/96 samples
Baseline Video Generation: Switched to EMA weights
Baseline Video Generation: Restored training weights
[generate] wrote predictions for 2/96 samples
Baseline Video Generation: Switched to EMA weights
Baseline Video Generation: Restored training weights
[generate] wrote predictions for 3/96 samples
Baseline Video Generation: Switched to EMA weights
Baseline Video Generation: Restored training weights
[generate] wrote predictions for 4/96 samples
Baseline Video Generation: Switched to EMA weights
Baseline Video Generation: Restored training weights
[generate] wrote predictions for 5/96 samples
Baseline Video Generation: Switched to EMA weights
Baseline Video Generation: Restored training weights
[generate] wrote predictions for 6/96 samples
Baseline Video Generation: Switched to EMA weights
Baseline Video Generation: Restored training weights
[generate] wrote predictions for 7/96 samples
Baseline Video Generation: Switched to EMA weights
Baseline Video Generation: Restored training weights
[generate] wrote predictions for 8/96 samples
Baseline Video Generation: Switched to EMA weights
Baseline Video Generation: Restored training weights
[generate] wrote predictions for 9/96 samples
Baseline Video Generation: Switched to EMA weights
Baseline Video Generation: Restored training weights
[generate] wrote predictions for 10/96 samples
Baseline Video Generation: Switched to EMA weights
Baseline Video Generation: Restored training weights
[generate] wrote predictions for 11/96 samples
Baseline Video Generation: Switched to EMA weights
Baseline Video Generation: Restored training weights
[generate] wrote predictions for 12/96 samples
Baseline Video Generation: Switched to EMA weights
Baseline Video Generation: Restored training weights
[generate] wrote predictions for 13/96 samples
Baseline Video Generation: Switched to EMA weights
Baseline Video Generation: Restored training weights
[generate] wrote predictions for 14/96 samples
Baseline Video Generation: Switched to EMA weights
Baseline Video Generation: Restored training weights
[generate] wrote predictions for 15/96 samples
Baseline Video Generation: Switched to EMA weights
Baseline Video Generation: Restored training weights
[generate] wrote predictions for 16/96 samples
Baseline Video Generation: Switched to EMA weights
Baseline Video Generation: Restored training weights
[generate] wrote predictions for 17/96 samples
Baseline Video Generation: Switched to EMA weights
Baseline Video Generation: Restored training weights
[generate] wrote predictions for 18/96 samples
Baseline Video Generation: Switched to EMA weights
Baseline Video Generation: Restored training weights
[generate] wrote predictions for 19/96 samples
Baseline Video Generation: Switched to EMA weights
Baseline Video Generation: Restored training weights
[generate] wrote predictions for 20/96 samples
Baseline Video Generation: Switched to EMA weights
Baseline Video Generation: Restored training weights
[generate] wrote predictions for 21/96 samples
Baseline Video Generation: Switched to EMA weights
Baseline Video Generation: Restored training weights
[generate] wrote predictions for 22/96 samples
Baseline Video Generation: Switched to EMA weights
Baseline Video Generation: Restored training weights
[generate] wrote predictions for 23/96 samples
Baseline Video Generation: Switched to EMA weights
Baseline Video Generation: Restored training weights
[generate] wrote predictions for 24/96 samples
Baseline Video Generation: Switched to EMA weights
Baseline Video Generation: Restored training weights
[generate] wrote predictions for 25/96 samples
Baseline Video Generation: Switched to EMA weights
Baseline Video Generation: Restored training weights
[generate] wrote predictions for 26/96 samples
Baseline Video Generation: Switched to EMA weights
Baseline Video Generation: Restored training weights
[generate] wrote predictions for 27/96 samples
Baseline Video Generation: Switched to EMA weights
Baseline Video Generation: Restored training weights
[generate] wrote predictions for 28/96 samples
Baseline Video Generation: Switched to EMA weights
Baseline Video Generation: Restored training weights
[generate] wrote predictions for 29/96 samples
Baseline Video Generation: Switched to EMA weights
Baseline Video Generation: Restored training weights
[generate] wrote predictions for 30/96 samples
Baseline Video Generation: Switched to EMA weights
Baseline Video Generation: Restored training weights
[generate] wrote predictions for 31/96 samples
Baseline Video Generation: Switched to EMA weights
Baseline Video Generation: Restored training weights
[generate] wrote predictions for 32/96 samples
Baseline Video Generation: Switched to EMA weights
Baseline Video Generation: Restored training weights
[generate] wrote predictions for 33/96 samples
Baseline Video Generation: Switched to EMA weights
Baseline Video Generation: Restored training weights
[generate] wrote predictions for 34/96 samples
Baseline Video Generation: Switched to EMA weights
Baseline Video Generation: Restored training weights
[generate] wrote predictions for 35/96 samples
Baseline Video Generation: Switched to EMA weights
Baseline Video Generation: Restored training weights
[generate] wrote predictions for 36/96 samples
Baseline Video Generation: Switched to EMA weights
Baseline Video Generation: Restored training weights
[generate] wrote predictions for 37/96 samples
Baseline Video Generation: Switched to EMA weights
Baseline Video Generation: Restored training weights
[generate] wrote predictions for 38/96 samples
Baseline Video Generation: Switched to EMA weights
Baseline Video Generation: Restored training weights
[generate] wrote predictions for 39/96 samples
Baseline Video Generation: Switched to EMA weights
Baseline Video Generation: Restored training weights
[generate] wrote predictions for 40/96 samples
Baseline Video Generation: Switched to EMA weights
Baseline Video Generation: Restored training weights
[generate] wrote predictions for 41/96 samples
Baseline Video Generation: Switched to EMA weights
Baseline Video Generation: Restored training weights
[generate] wrote predictions for 42/96 samples
Baseline Video Generation: Switched to EMA weights
Baseline Video Generation: Restored training weights
[generate] wrote predictions for 43/96 samples
Baseline Video Generation: Switched to EMA weights
Baseline Video Generation: Restored training weights
[generate] wrote predictions for 44/96 samples
Baseline Video Generation: Switched to EMA weights
Baseline Video Generation: Restored training weights
[generate] wrote predictions for 45/96 samples
Baseline Video Generation: Switched to EMA weights
Baseline Video Generation: Restored training weights
[generate] wrote predictions for 46/96 samples
Baseline Video Generation: Switched to EMA weights
Baseline Video Generation: Restored training weights
[generate] wrote predictions for 47/96 samples
Baseline Video Generation: Switched to EMA weights
Baseline Video Generation: Restored training weights
[generate] wrote predictions for 48/96 samples
Baseline Video Generation: Switched to EMA weights
Baseline Video Generation: Restored training weights
[generate] wrote predictions for 49/96 samples
Baseline Video Generation: Switched to EMA weights
Baseline Video Generation: Restored training weights
[generate] wrote predictions for 50/96 samples
Baseline Video Generation: Switched to EMA weights
Baseline Video Generation: Restored training weights
[generate] wrote predictions for 51/96 samples
Baseline Video Generation: Switched to EMA weights
Baseline Video Generation: Restored training weights
[generate] wrote predictions for 52/96 samples
Baseline Video Generation: Switched to EMA weights
Baseline Video Generation: Restored training weights
[generate] wrote predictions for 53/96 samples
Baseline Video Generation: Switched to EMA weights
Baseline Video Generation: Restored training weights
[generate] wrote predictions for 54/96 samples
Baseline Video Generation: Switched to EMA weights
Baseline Video Generation: Restored training weights
[generate] wrote predictions for 55/96 samples
Baseline Video Generation: Switched to EMA weights
Baseline Video Generation: Restored training weights
[generate] wrote predictions for 56/96 samples
Baseline Video Generation: Switched to EMA weights
Baseline Video Generation: Restored training weights
[generate] wrote predictions for 57/96 samples
Baseline Video Generation: Switched to EMA weights
Baseline Video Generation: Restored training weights
[generate] wrote predictions for 58/96 samples
Baseline Video Generation: Switched to EMA weights
Baseline Video Generation: Restored training weights
[generate] wrote predictions for 59/96 samples
Baseline Video Generation: Switched to EMA weights
Baseline Video Generation: Restored training weights
[generate] wrote predictions for 60/96 samples
Baseline Video Generation: Switched to EMA weights
Baseline Video Generation: Restored training weights
[generate] wrote predictions for 61/96 samples
Baseline Video Generation: Switched to EMA weights
Baseline Video Generation: Restored training weights
[generate] wrote predictions for 62/96 samples
Baseline Video Generation: Switched to EMA weights
Baseline Video Generation: Restored training weights
[generate] wrote predictions for 63/96 samples
Baseline Video Generation: Switched to EMA weights
Baseline Video Generation: Restored training weights
[generate] wrote predictions for 64/96 samples
Baseline Video Generation: Switched to EMA weights
Baseline Video Generation: Restored training weights
[generate] wrote predictions for 65/96 samples
Baseline Video Generation: Switched to EMA weights
Baseline Video Generation: Restored training weights
[generate] wrote predictions for 66/96 samples
Baseline Video Generation: Switched to EMA weights
Baseline Video Generation: Restored training weights
[generate] wrote predictions for 67/96 samples
Baseline Video Generation: Switched to EMA weights
Baseline Video Generation: Restored training weights
[generate] wrote predictions for 68/96 samples
Baseline Video Generation: Switched to EMA weights
Baseline Video Generation: Restored training weights
[generate] wrote predictions for 69/96 samples
Baseline Video Generation: Switched to EMA weights
Baseline Video Generation: Restored training weights
[generate] wrote predictions for 70/96 samples
Baseline Video Generation: Switched to EMA weights
Baseline Video Generation: Restored training weights
[generate] wrote predictions for 71/96 samples
Baseline Video Generation: Switched to EMA weights
Baseline Video Generation: Restored training weights
[generate] wrote predictions for 72/96 samples
Baseline Video Generation: Switched to EMA weights
Baseline Video Generation: Restored training weights
[generate] wrote predictions for 73/96 samples
Baseline Video Generation: Switched to EMA weights
Baseline Video Generation: Restored training weights
[generate] wrote predictions for 74/96 samples
Baseline Video Generation: Switched to EMA weights
Baseline Video Generation: Restored training weights
[generate] wrote predictions for 75/96 samples
Baseline Video Generation: Switched to EMA weights
Baseline Video Generation: Restored training weights
[generate] wrote predictions for 76/96 samples
Baseline Video Generation: Switched to EMA weights
Baseline Video Generation: Restored training weights
[generate] wrote predictions for 77/96 samples
Baseline Video Generation: Switched to EMA weights
Baseline Video Generation: Restored training weights
[generate] wrote predictions for 78/96 samples
Baseline Video Generation: Switched to EMA weights
Baseline Video Generation: Restored training weights
[generate] wrote predictions for 79/96 samples
Baseline Video Generation: Switched to EMA weights
Baseline Video Generation: Restored training weights
[generate] wrote predictions for 80/96 samples
Baseline Video Generation: Switched to EMA weights
Baseline Video Generation: Restored training weights
[generate] wrote predictions for 81/96 samples
Baseline Video Generation: Switched to EMA weights
Baseline Video Generation: Restored training weights
[generate] wrote predictions for 82/96 samples
Baseline Video Generation: Switched to EMA weights
Baseline Video Generation: Restored training weights
[generate] wrote predictions for 83/96 samples
Baseline Video Generation: Switched to EMA weights
Baseline Video Generation: Restored training weights
[generate] wrote predictions for 84/96 samples
Baseline Video Generation: Switched to EMA weights
Baseline Video Generation: Restored training weights
[generate] wrote predictions for 85/96 samples
Baseline Video Generation: Switched to EMA weights
Baseline Video Generation: Restored training weights
[generate] wrote predictions for 86/96 samples
Baseline Video Generation: Switched to EMA weights
Baseline Video Generation: Restored training weights
[generate] wrote predictions for 87/96 samples
Baseline Video Generation: Switched to EMA weights
Baseline Video Generation: Restored training weights
[generate] wrote predictions for 88/96 samples
Baseline Video Generation: Switched to EMA weights
Baseline Video Generation: Restored training weights
[generate] wrote predictions for 89/96 samples
Baseline Video Generation: Switched to EMA weights
Baseline Video Generation: Restored training weights
[generate] wrote predictions for 90/96 samples
Baseline Video Generation: Switched to EMA weights
Baseline Video Generation: Restored training weights
[generate] wrote predictions for 91/96 samples
Baseline Video Generation: Switched to EMA weights
Baseline Video Generation: Restored training weights
[generate] wrote predictions for 92/96 samples
Baseline Video Generation: Switched to EMA weights
Baseline Video Generation: Restored training weights
[generate] wrote predictions for 93/96 samples
Baseline Video Generation: Switched to EMA weights
Baseline Video Generation: Restored training weights
[generate] wrote predictions for 94/96 samples
Baseline Video Generation: Switched to EMA weights
Baseline Video Generation: Restored training weights
[generate] wrote predictions for 95/96 samples
Baseline Video Generation: Switched to EMA weights
Baseline Video Generation: Restored training weights
[generate] wrote predictions for 96/96 samples
/home/rils/dlacksdn/miniconda3/envs/wm/lib/python3.10/site-packages/torchvision/io/image.py:14: UserWarning: Failed to load image Python extension: 'libpng16.ca116d9f.so.16: cannot open shared object file: No such file or directory'If you don't plan on using image functionality from `torchvision.io`, you can ignore this warning. Otherwise, there might be something wrong with your environment. Did you have `libjpeg` or `libpng` installed before building `torchvision` from source?
  warn(
/home/rils/dlacksdn/miniconda3/envs/wm/lib/python3.10/site-packages/timm/models/layers/__init__.py:49: FutureWarning: Importing from timm.models.layers is deprecated, please import via timm.layers
  warnings.warn(f"Importing from {__name__} is deprecated, please import via timm.layers", FutureWarning)
/home/rils/inha_challenge_datasets/baseline/challenge_kit/scripts/inference/generate_baseline_videos.py:82: FutureWarning: `torch.cuda.amp.autocast(args...)` is deprecated. Please use `torch.amp.autocast('cuda', args...)` instead.
  amp_context = torch.cuda.amp.autocast() if args.precision == 16 and device.type == "cuda" else nullcontext()
/home/rils/dlacksdn/miniconda3/envs/wm/lib/python3.10/site-packages/torchvision/io/_video_deprecation_warning.py:5: UserWarning: The video decoding and encoding capabilities of torchvision are deprecated from version 0.22 and will be removed in version 0.24. We recommend that you migrate to TorchCodec, where we'll consolidate the future decoding/encoding capabilities of PyTorch: https://github.com/pytorch/torchcodec
  warnings.warn(
[sweep] 생성 완료: 96 mp4, 457s
[m0] 채점 모델 로딩 (submission_kit=open/submission_kit) ...
[m0] 채점 중: base_cfg20  (/home/rils/dlacksdn/2026_Inha_AI_challenge_WM/artifacts/m3/partA/cfg20)

==============================================================================
M0 바닥값 (n=96, seed=0)  — 0에 가까울수록 좋음
==============================================================================
predictor         DINO(favg)  DINO(flat)     Video    Action  TOTAL(favg)
------------------------------------------------------------------------------
base_cfg20           0.56364     0.56304   0.22521   1.19285      0.71379
------------------------------------------------------------------------------

[Action 차원별 정규화 MAE]  dims=[pan, lift, elbow, wflex, wroll, grip]
  base_cfg20       1.11  1.88  1.51  0.75  0.99  0.92

[m0] 리포트 저장: /home/rils/dlacksdn/2026_Inha_AI_challenge_WM/results/m3/partA/cfg20/m0_report.json
/home/rils/dlacksdn/miniconda3/envs/wm/lib/python3.10/site-packages/torchvision/io/image.py:14: UserWarning: Failed to load image Python extension: 'libpng16.ca116d9f.so.16: cannot open shared object file: No such file or directory'If you don't plan on using image functionality from `torchvision.io`, you can ignore this warning. Otherwise, there might be something wrong with your environment. Did you have `libjpeg` or `libpng` installed before building `torchvision` from source?
  warn(
[sweep] 채점 완료: 56s (누적 513s)
==========================================================
[sweep] tag=25  λ=2.5  ckpt=baseline_diffusion.ckpt  -> /home/rils/dlacksdn/2026_Inha_AI_challenge_WM/artifacts/m3/partA/cfg25
==========================================================
AE working on z of shape (1, 4, 32, 32) = 4096 dimensions.
Baseline Video Generation: Switched to EMA weights
Baseline Video Generation: Restored training weights
[generate] wrote predictions for 1/96 samples
Baseline Video Generation: Switched to EMA weights
Baseline Video Generation: Restored training weights
[generate] wrote predictions for 2/96 samples
Baseline Video Generation: Switched to EMA weights
Baseline Video Generation: Restored training weights
[generate] wrote predictions for 3/96 samples
Baseline Video Generation: Switched to EMA weights
Baseline Video Generation: Restored training weights
[generate] wrote predictions for 4/96 samples
Baseline Video Generation: Switched to EMA weights
Baseline Video Generation: Restored training weights
[generate] wrote predictions for 5/96 samples
Baseline Video Generation: Switched to EMA weights
Baseline Video Generation: Restored training weights
[generate] wrote predictions for 6/96 samples
Baseline Video Generation: Switched to EMA weights
Baseline Video Generation: Restored training weights
[generate] wrote predictions for 7/96 samples
Baseline Video Generation: Switched to EMA weights
Baseline Video Generation: Restored training weights
[generate] wrote predictions for 8/96 samples
Baseline Video Generation: Switched to EMA weights
Baseline Video Generation: Restored training weights
[generate] wrote predictions for 9/96 samples
Baseline Video Generation: Switched to EMA weights
Baseline Video Generation: Restored training weights
[generate] wrote predictions for 10/96 samples
Baseline Video Generation: Switched to EMA weights
Baseline Video Generation: Restored training weights
[generate] wrote predictions for 11/96 samples
Baseline Video Generation: Switched to EMA weights
Baseline Video Generation: Restored training weights
[generate] wrote predictions for 12/96 samples
Baseline Video Generation: Switched to EMA weights
Baseline Video Generation: Restored training weights
[generate] wrote predictions for 13/96 samples
Baseline Video Generation: Switched to EMA weights
Baseline Video Generation: Restored training weights
[generate] wrote predictions for 14/96 samples
Baseline Video Generation: Switched to EMA weights
Baseline Video Generation: Restored training weights
[generate] wrote predictions for 15/96 samples
Baseline Video Generation: Switched to EMA weights
Baseline Video Generation: Restored training weights
[generate] wrote predictions for 16/96 samples
Baseline Video Generation: Switched to EMA weights
Baseline Video Generation: Restored training weights
[generate] wrote predictions for 17/96 samples
Baseline Video Generation: Switched to EMA weights
Baseline Video Generation: Restored training weights
[generate] wrote predictions for 18/96 samples
Baseline Video Generation: Switched to EMA weights
Baseline Video Generation: Restored training weights
[generate] wrote predictions for 19/96 samples
Baseline Video Generation: Switched to EMA weights
Baseline Video Generation: Restored training weights
[generate] wrote predictions for 20/96 samples
Baseline Video Generation: Switched to EMA weights
Baseline Video Generation: Restored training weights
[generate] wrote predictions for 21/96 samples
Baseline Video Generation: Switched to EMA weights
Baseline Video Generation: Restored training weights
[generate] wrote predictions for 22/96 samples
Baseline Video Generation: Switched to EMA weights
Baseline Video Generation: Restored training weights
[generate] wrote predictions for 23/96 samples
Baseline Video Generation: Switched to EMA weights
Baseline Video Generation: Restored training weights
[generate] wrote predictions for 24/96 samples
Baseline Video Generation: Switched to EMA weights
Baseline Video Generation: Restored training weights
[generate] wrote predictions for 25/96 samples
Baseline Video Generation: Switched to EMA weights
Baseline Video Generation: Restored training weights
[generate] wrote predictions for 26/96 samples
Baseline Video Generation: Switched to EMA weights
Baseline Video Generation: Restored training weights
[generate] wrote predictions for 27/96 samples
Baseline Video Generation: Switched to EMA weights
Baseline Video Generation: Restored training weights
[generate] wrote predictions for 28/96 samples
Baseline Video Generation: Switched to EMA weights
Baseline Video Generation: Restored training weights
[generate] wrote predictions for 29/96 samples
Baseline Video Generation: Switched to EMA weights
Baseline Video Generation: Restored training weights
[generate] wrote predictions for 30/96 samples
Baseline Video Generation: Switched to EMA weights
Baseline Video Generation: Restored training weights
[generate] wrote predictions for 31/96 samples
Baseline Video Generation: Switched to EMA weights
Baseline Video Generation: Restored training weights
[generate] wrote predictions for 32/96 samples
Baseline Video Generation: Switched to EMA weights
Baseline Video Generation: Restored training weights
[generate] wrote predictions for 33/96 samples
Baseline Video Generation: Switched to EMA weights
Baseline Video Generation: Restored training weights
[generate] wrote predictions for 34/96 samples
Baseline Video Generation: Switched to EMA weights
Baseline Video Generation: Restored training weights
[generate] wrote predictions for 35/96 samples
Baseline Video Generation: Switched to EMA weights
Baseline Video Generation: Restored training weights
[generate] wrote predictions for 36/96 samples
Baseline Video Generation: Switched to EMA weights
Baseline Video Generation: Restored training weights
[generate] wrote predictions for 37/96 samples
Baseline Video Generation: Switched to EMA weights
Baseline Video Generation: Restored training weights
[generate] wrote predictions for 38/96 samples
Baseline Video Generation: Switched to EMA weights
Baseline Video Generation: Restored training weights
[generate] wrote predictions for 39/96 samples
Baseline Video Generation: Switched to EMA weights
Baseline Video Generation: Restored training weights
[generate] wrote predictions for 40/96 samples
Baseline Video Generation: Switched to EMA weights
Baseline Video Generation: Restored training weights
[generate] wrote predictions for 41/96 samples
Baseline Video Generation: Switched to EMA weights
Baseline Video Generation: Restored training weights
[generate] wrote predictions for 42/96 samples
Baseline Video Generation: Switched to EMA weights
Baseline Video Generation: Restored training weights
[generate] wrote predictions for 43/96 samples
Baseline Video Generation: Switched to EMA weights
Baseline Video Generation: Restored training weights
[generate] wrote predictions for 44/96 samples
Baseline Video Generation: Switched to EMA weights
Baseline Video Generation: Restored training weights
[generate] wrote predictions for 45/96 samples
Baseline Video Generation: Switched to EMA weights
Baseline Video Generation: Restored training weights
[generate] wrote predictions for 46/96 samples
Baseline Video Generation: Switched to EMA weights
Baseline Video Generation: Restored training weights
[generate] wrote predictions for 47/96 samples
Baseline Video Generation: Switched to EMA weights
Baseline Video Generation: Restored training weights
[generate] wrote predictions for 48/96 samples
Baseline Video Generation: Switched to EMA weights
Baseline Video Generation: Restored training weights
[generate] wrote predictions for 49/96 samples
Baseline Video Generation: Switched to EMA weights
Baseline Video Generation: Restored training weights
[generate] wrote predictions for 50/96 samples
Baseline Video Generation: Switched to EMA weights
Baseline Video Generation: Restored training weights
[generate] wrote predictions for 51/96 samples
Baseline Video Generation: Switched to EMA weights
Baseline Video Generation: Restored training weights
[generate] wrote predictions for 52/96 samples
Baseline Video Generation: Switched to EMA weights
Baseline Video Generation: Restored training weights
[generate] wrote predictions for 53/96 samples
Baseline Video Generation: Switched to EMA weights
Baseline Video Generation: Restored training weights
[generate] wrote predictions for 54/96 samples
Baseline Video Generation: Switched to EMA weights
Baseline Video Generation: Restored training weights
[generate] wrote predictions for 55/96 samples
Baseline Video Generation: Switched to EMA weights
Baseline Video Generation: Restored training weights
[generate] wrote predictions for 56/96 samples
Baseline Video Generation: Switched to EMA weights
Baseline Video Generation: Restored training weights
[generate] wrote predictions for 57/96 samples
Baseline Video Generation: Switched to EMA weights
Baseline Video Generation: Restored training weights
[generate] wrote predictions for 58/96 samples
Baseline Video Generation: Switched to EMA weights
Baseline Video Generation: Restored training weights
[generate] wrote predictions for 59/96 samples
Baseline Video Generation: Switched to EMA weights
Baseline Video Generation: Restored training weights
[generate] wrote predictions for 60/96 samples
Baseline Video Generation: Switched to EMA weights
Baseline Video Generation: Restored training weights
[generate] wrote predictions for 61/96 samples
Baseline Video Generation: Switched to EMA weights
Baseline Video Generation: Restored training weights
[generate] wrote predictions for 62/96 samples
Baseline Video Generation: Switched to EMA weights
Baseline Video Generation: Restored training weights
[generate] wrote predictions for 63/96 samples
Baseline Video Generation: Switched to EMA weights
Baseline Video Generation: Restored training weights
[generate] wrote predictions for 64/96 samples
Baseline Video Generation: Switched to EMA weights
Baseline Video Generation: Restored training weights
[generate] wrote predictions for 65/96 samples
Baseline Video Generation: Switched to EMA weights
Baseline Video Generation: Restored training weights
[generate] wrote predictions for 66/96 samples
Baseline Video Generation: Switched to EMA weights
Baseline Video Generation: Restored training weights
[generate] wrote predictions for 67/96 samples
Baseline Video Generation: Switched to EMA weights
Baseline Video Generation: Restored training weights
[generate] wrote predictions for 68/96 samples
Baseline Video Generation: Switched to EMA weights
Baseline Video Generation: Restored training weights
[generate] wrote predictions for 69/96 samples
Baseline Video Generation: Switched to EMA weights
Baseline Video Generation: Restored training weights
[generate] wrote predictions for 70/96 samples
Baseline Video Generation: Switched to EMA weights
Baseline Video Generation: Restored training weights
[generate] wrote predictions for 71/96 samples
Baseline Video Generation: Switched to EMA weights
Baseline Video Generation: Restored training weights
[generate] wrote predictions for 72/96 samples
Baseline Video Generation: Switched to EMA weights
Baseline Video Generation: Restored training weights
[generate] wrote predictions for 73/96 samples
Baseline Video Generation: Switched to EMA weights
Baseline Video Generation: Restored training weights
[generate] wrote predictions for 74/96 samples
Baseline Video Generation: Switched to EMA weights
Baseline Video Generation: Restored training weights
[generate] wrote predictions for 75/96 samples
Baseline Video Generation: Switched to EMA weights
Baseline Video Generation: Restored training weights
[generate] wrote predictions for 76/96 samples
Baseline Video Generation: Switched to EMA weights
Baseline Video Generation: Restored training weights
[generate] wrote predictions for 77/96 samples
Baseline Video Generation: Switched to EMA weights
Baseline Video Generation: Restored training weights
[generate] wrote predictions for 78/96 samples
Baseline Video Generation: Switched to EMA weights
Baseline Video Generation: Restored training weights
[generate] wrote predictions for 79/96 samples
Baseline Video Generation: Switched to EMA weights
Baseline Video Generation: Restored training weights
[generate] wrote predictions for 80/96 samples
Baseline Video Generation: Switched to EMA weights
Baseline Video Generation: Restored training weights
[generate] wrote predictions for 81/96 samples
Baseline Video Generation: Switched to EMA weights
Baseline Video Generation: Restored training weights
[generate] wrote predictions for 82/96 samples
Baseline Video Generation: Switched to EMA weights
Baseline Video Generation: Restored training weights
[generate] wrote predictions for 83/96 samples
Baseline Video Generation: Switched to EMA weights
Baseline Video Generation: Restored training weights
[generate] wrote predictions for 84/96 samples
Baseline Video Generation: Switched to EMA weights
Baseline Video Generation: Restored training weights
[generate] wrote predictions for 85/96 samples
Baseline Video Generation: Switched to EMA weights
Baseline Video Generation: Restored training weights
[generate] wrote predictions for 86/96 samples
Baseline Video Generation: Switched to EMA weights
Baseline Video Generation: Restored training weights
[generate] wrote predictions for 87/96 samples
Baseline Video Generation: Switched to EMA weights
Baseline Video Generation: Restored training weights
[generate] wrote predictions for 88/96 samples
Baseline Video Generation: Switched to EMA weights
Baseline Video Generation: Restored training weights
[generate] wrote predictions for 89/96 samples
Baseline Video Generation: Switched to EMA weights
Baseline Video Generation: Restored training weights
[generate] wrote predictions for 90/96 samples
Baseline Video Generation: Switched to EMA weights
Baseline Video Generation: Restored training weights
[generate] wrote predictions for 91/96 samples
Baseline Video Generation: Switched to EMA weights
Baseline Video Generation: Restored training weights
[generate] wrote predictions for 92/96 samples
Baseline Video Generation: Switched to EMA weights
Baseline Video Generation: Restored training weights
[generate] wrote predictions for 93/96 samples
Baseline Video Generation: Switched to EMA weights
Baseline Video Generation: Restored training weights
[generate] wrote predictions for 94/96 samples
Baseline Video Generation: Switched to EMA weights
Baseline Video Generation: Restored training weights
[generate] wrote predictions for 95/96 samples
Baseline Video Generation: Switched to EMA weights
Baseline Video Generation: Restored training weights
[generate] wrote predictions for 96/96 samples
/home/rils/dlacksdn/miniconda3/envs/wm/lib/python3.10/site-packages/torchvision/io/image.py:14: UserWarning: Failed to load image Python extension: 'libpng16.ca116d9f.so.16: cannot open shared object file: No such file or directory'If you don't plan on using image functionality from `torchvision.io`, you can ignore this warning. Otherwise, there might be something wrong with your environment. Did you have `libjpeg` or `libpng` installed before building `torchvision` from source?
  warn(
/home/rils/dlacksdn/miniconda3/envs/wm/lib/python3.10/site-packages/timm/models/layers/__init__.py:49: FutureWarning: Importing from timm.models.layers is deprecated, please import via timm.layers
  warnings.warn(f"Importing from {__name__} is deprecated, please import via timm.layers", FutureWarning)
/home/rils/inha_challenge_datasets/baseline/challenge_kit/scripts/inference/generate_baseline_videos.py:82: FutureWarning: `torch.cuda.amp.autocast(args...)` is deprecated. Please use `torch.amp.autocast('cuda', args...)` instead.
  amp_context = torch.cuda.amp.autocast() if args.precision == 16 and device.type == "cuda" else nullcontext()
/home/rils/dlacksdn/miniconda3/envs/wm/lib/python3.10/site-packages/torchvision/io/_video_deprecation_warning.py:5: UserWarning: The video decoding and encoding capabilities of torchvision are deprecated from version 0.22 and will be removed in version 0.24. We recommend that you migrate to TorchCodec, where we'll consolidate the future decoding/encoding capabilities of PyTorch: https://github.com/pytorch/torchcodec
  warnings.warn(
[sweep] 생성 완료: 96 mp4, 454s
[m0] 채점 모델 로딩 (submission_kit=open/submission_kit) ...
[m0] 채점 중: base_cfg25  (/home/rils/dlacksdn/2026_Inha_AI_challenge_WM/artifacts/m3/partA/cfg25)

==============================================================================
M0 바닥값 (n=96, seed=0)  — 0에 가까울수록 좋음
==============================================================================
predictor         DINO(favg)  DINO(flat)     Video    Action  TOTAL(favg)
------------------------------------------------------------------------------
base_cfg25           0.57144     0.57086   0.23078   1.19648      0.71926
------------------------------------------------------------------------------

[Action 차원별 정규화 MAE]  dims=[pan, lift, elbow, wflex, wroll, grip]
  base_cfg25       1.11  1.87  1.52  0.75  0.99  0.94

[m0] 리포트 저장: /home/rils/dlacksdn/2026_Inha_AI_challenge_WM/results/m3/partA/cfg25/m0_report.json
/home/rils/dlacksdn/miniconda3/envs/wm/lib/python3.10/site-packages/torchvision/io/image.py:14: UserWarning: Failed to load image Python extension: 'libpng16.ca116d9f.so.16: cannot open shared object file: No such file or directory'If you don't plan on using image functionality from `torchvision.io`, you can ignore this warning. Otherwise, there might be something wrong with your environment. Did you have `libjpeg` or `libpng` installed before building `torchvision` from source?
  warn(
[sweep] 채점 완료: 57s (누적 511s)
==========================================================
[sweep] tag=30  λ=3.0  ckpt=baseline_diffusion.ckpt  -> /home/rils/dlacksdn/2026_Inha_AI_challenge_WM/artifacts/m3/partA/cfg30
==========================================================
AE working on z of shape (1, 4, 32, 32) = 4096 dimensions.
Baseline Video Generation: Switched to EMA weights
Baseline Video Generation: Restored training weights
[generate] wrote predictions for 1/96 samples
Baseline Video Generation: Switched to EMA weights
Baseline Video Generation: Restored training weights
[generate] wrote predictions for 2/96 samples
Baseline Video Generation: Switched to EMA weights
Baseline Video Generation: Restored training weights
[generate] wrote predictions for 3/96 samples
Baseline Video Generation: Switched to EMA weights
Baseline Video Generation: Restored training weights
[generate] wrote predictions for 4/96 samples
Baseline Video Generation: Switched to EMA weights
Baseline Video Generation: Restored training weights
[generate] wrote predictions for 5/96 samples
Baseline Video Generation: Switched to EMA weights
Baseline Video Generation: Restored training weights
[generate] wrote predictions for 6/96 samples
Baseline Video Generation: Switched to EMA weights
Baseline Video Generation: Restored training weights
[generate] wrote predictions for 7/96 samples
Baseline Video Generation: Switched to EMA weights
Baseline Video Generation: Restored training weights
[generate] wrote predictions for 8/96 samples
Baseline Video Generation: Switched to EMA weights
Baseline Video Generation: Restored training weights
[generate] wrote predictions for 9/96 samples
Baseline Video Generation: Switched to EMA weights
Baseline Video Generation: Restored training weights
[generate] wrote predictions for 10/96 samples
Baseline Video Generation: Switched to EMA weights
Baseline Video Generation: Restored training weights
[generate] wrote predictions for 11/96 samples
Baseline Video Generation: Switched to EMA weights
Baseline Video Generation: Restored training weights
[generate] wrote predictions for 12/96 samples
Baseline Video Generation: Switched to EMA weights
Baseline Video Generation: Restored training weights
[generate] wrote predictions for 13/96 samples
Baseline Video Generation: Switched to EMA weights
Baseline Video Generation: Restored training weights
[generate] wrote predictions for 14/96 samples
Baseline Video Generation: Switched to EMA weights
Baseline Video Generation: Restored training weights
[generate] wrote predictions for 15/96 samples
Baseline Video Generation: Switched to EMA weights
Baseline Video Generation: Restored training weights
[generate] wrote predictions for 16/96 samples
Baseline Video Generation: Switched to EMA weights
Baseline Video Generation: Restored training weights
[generate] wrote predictions for 17/96 samples
Baseline Video Generation: Switched to EMA weights
Baseline Video Generation: Restored training weights
[generate] wrote predictions for 18/96 samples
Baseline Video Generation: Switched to EMA weights
Baseline Video Generation: Restored training weights
[generate] wrote predictions for 19/96 samples
Baseline Video Generation: Switched to EMA weights
Baseline Video Generation: Restored training weights
[generate] wrote predictions for 20/96 samples
Baseline Video Generation: Switched to EMA weights
Baseline Video Generation: Restored training weights
[generate] wrote predictions for 21/96 samples
Baseline Video Generation: Switched to EMA weights
Baseline Video Generation: Restored training weights
[generate] wrote predictions for 22/96 samples
Baseline Video Generation: Switched to EMA weights
Baseline Video Generation: Restored training weights
[generate] wrote predictions for 23/96 samples
Baseline Video Generation: Switched to EMA weights
Baseline Video Generation: Restored training weights
[generate] wrote predictions for 24/96 samples
Baseline Video Generation: Switched to EMA weights
Baseline Video Generation: Restored training weights
[generate] wrote predictions for 25/96 samples
Baseline Video Generation: Switched to EMA weights
Baseline Video Generation: Restored training weights
[generate] wrote predictions for 26/96 samples
Baseline Video Generation: Switched to EMA weights
Baseline Video Generation: Restored training weights
[generate] wrote predictions for 27/96 samples
Baseline Video Generation: Switched to EMA weights
Baseline Video Generation: Restored training weights
[generate] wrote predictions for 28/96 samples
Baseline Video Generation: Switched to EMA weights
Baseline Video Generation: Restored training weights
[generate] wrote predictions for 29/96 samples
Baseline Video Generation: Switched to EMA weights
Baseline Video Generation: Restored training weights
[generate] wrote predictions for 30/96 samples
Baseline Video Generation: Switched to EMA weights
Baseline Video Generation: Restored training weights
[generate] wrote predictions for 31/96 samples
Baseline Video Generation: Switched to EMA weights
Baseline Video Generation: Restored training weights
[generate] wrote predictions for 32/96 samples
Baseline Video Generation: Switched to EMA weights
Baseline Video Generation: Restored training weights
[generate] wrote predictions for 33/96 samples
Baseline Video Generation: Switched to EMA weights
Baseline Video Generation: Restored training weights
[generate] wrote predictions for 34/96 samples
Baseline Video Generation: Switched to EMA weights
Baseline Video Generation: Restored training weights
[generate] wrote predictions for 35/96 samples
Baseline Video Generation: Switched to EMA weights
Baseline Video Generation: Restored training weights
[generate] wrote predictions for 36/96 samples
Baseline Video Generation: Switched to EMA weights
Baseline Video Generation: Restored training weights
[generate] wrote predictions for 37/96 samples
Baseline Video Generation: Switched to EMA weights
Baseline Video Generation: Restored training weights
[generate] wrote predictions for 38/96 samples
Baseline Video Generation: Switched to EMA weights
Baseline Video Generation: Restored training weights
[generate] wrote predictions for 39/96 samples
Baseline Video Generation: Switched to EMA weights
Baseline Video Generation: Restored training weights
[generate] wrote predictions for 40/96 samples
Baseline Video Generation: Switched to EMA weights
Baseline Video Generation: Restored training weights
[generate] wrote predictions for 41/96 samples
Baseline Video Generation: Switched to EMA weights
Baseline Video Generation: Restored training weights
[generate] wrote predictions for 42/96 samples
Baseline Video Generation: Switched to EMA weights
Baseline Video Generation: Restored training weights
[generate] wrote predictions for 43/96 samples
Baseline Video Generation: Switched to EMA weights
Baseline Video Generation: Restored training weights
[generate] wrote predictions for 44/96 samples
Baseline Video Generation: Switched to EMA weights
Baseline Video Generation: Restored training weights
[generate] wrote predictions for 45/96 samples
Baseline Video Generation: Switched to EMA weights
Baseline Video Generation: Restored training weights
[generate] wrote predictions for 46/96 samples
Baseline Video Generation: Switched to EMA weights
Baseline Video Generation: Restored training weights
[generate] wrote predictions for 47/96 samples
Baseline Video Generation: Switched to EMA weights
Baseline Video Generation: Restored training weights
[generate] wrote predictions for 48/96 samples
Baseline Video Generation: Switched to EMA weights
Baseline Video Generation: Restored training weights
[generate] wrote predictions for 49/96 samples
Baseline Video Generation: Switched to EMA weights
Baseline Video Generation: Restored training weights
[generate] wrote predictions for 50/96 samples
Baseline Video Generation: Switched to EMA weights
Baseline Video Generation: Restored training weights
[generate] wrote predictions for 51/96 samples
Baseline Video Generation: Switched to EMA weights
Baseline Video Generation: Restored training weights
[generate] wrote predictions for 52/96 samples
Baseline Video Generation: Switched to EMA weights
Baseline Video Generation: Restored training weights
[generate] wrote predictions for 53/96 samples
Baseline Video Generation: Switched to EMA weights
Baseline Video Generation: Restored training weights
[generate] wrote predictions for 54/96 samples
Baseline Video Generation: Switched to EMA weights
Baseline Video Generation: Restored training weights
[generate] wrote predictions for 55/96 samples
Baseline Video Generation: Switched to EMA weights
Baseline Video Generation: Restored training weights
[generate] wrote predictions for 56/96 samples
Baseline Video Generation: Switched to EMA weights
Baseline Video Generation: Restored training weights
[generate] wrote predictions for 57/96 samples
Baseline Video Generation: Switched to EMA weights
Baseline Video Generation: Restored training weights
[generate] wrote predictions for 58/96 samples
Baseline Video Generation: Switched to EMA weights
Baseline Video Generation: Restored training weights
[generate] wrote predictions for 59/96 samples
Baseline Video Generation: Switched to EMA weights
Baseline Video Generation: Restored training weights
[generate] wrote predictions for 60/96 samples
Baseline Video Generation: Switched to EMA weights
Baseline Video Generation: Restored training weights
[generate] wrote predictions for 61/96 samples
Baseline Video Generation: Switched to EMA weights
Baseline Video Generation: Restored training weights
[generate] wrote predictions for 62/96 samples
Baseline Video Generation: Switched to EMA weights
Baseline Video Generation: Restored training weights
[generate] wrote predictions for 63/96 samples
Baseline Video Generation: Switched to EMA weights
Baseline Video Generation: Restored training weights
[generate] wrote predictions for 64/96 samples
Baseline Video Generation: Switched to EMA weights
Baseline Video Generation: Restored training weights
[generate] wrote predictions for 65/96 samples
Baseline Video Generation: Switched to EMA weights
Baseline Video Generation: Restored training weights
[generate] wrote predictions for 66/96 samples
Baseline Video Generation: Switched to EMA weights
Baseline Video Generation: Restored training weights
[generate] wrote predictions for 67/96 samples
Baseline Video Generation: Switched to EMA weights
Baseline Video Generation: Restored training weights
[generate] wrote predictions for 68/96 samples
Baseline Video Generation: Switched to EMA weights
Baseline Video Generation: Restored training weights
[generate] wrote predictions for 69/96 samples
Baseline Video Generation: Switched to EMA weights
Baseline Video Generation: Restored training weights
[generate] wrote predictions for 70/96 samples
Baseline Video Generation: Switched to EMA weights
Baseline Video Generation: Restored training weights
[generate] wrote predictions for 71/96 samples
Baseline Video Generation: Switched to EMA weights
Baseline Video Generation: Restored training weights
[generate] wrote predictions for 72/96 samples
Baseline Video Generation: Switched to EMA weights
Baseline Video Generation: Restored training weights
[generate] wrote predictions for 73/96 samples
Baseline Video Generation: Switched to EMA weights
Baseline Video Generation: Restored training weights
[generate] wrote predictions for 74/96 samples
Baseline Video Generation: Switched to EMA weights
Baseline Video Generation: Restored training weights
[generate] wrote predictions for 75/96 samples
Baseline Video Generation: Switched to EMA weights
Baseline Video Generation: Restored training weights
[generate] wrote predictions for 76/96 samples
Baseline Video Generation: Switched to EMA weights
Baseline Video Generation: Restored training weights
[generate] wrote predictions for 77/96 samples
Baseline Video Generation: Switched to EMA weights
Baseline Video Generation: Restored training weights
[generate] wrote predictions for 78/96 samples
Baseline Video Generation: Switched to EMA weights
Baseline Video Generation: Restored training weights
[generate] wrote predictions for 79/96 samples
Baseline Video Generation: Switched to EMA weights
Baseline Video Generation: Restored training weights
[generate] wrote predictions for 80/96 samples
Baseline Video Generation: Switched to EMA weights
Baseline Video Generation: Restored training weights
[generate] wrote predictions for 81/96 samples
Baseline Video Generation: Switched to EMA weights
Baseline Video Generation: Restored training weights
[generate] wrote predictions for 82/96 samples
Baseline Video Generation: Switched to EMA weights
Baseline Video Generation: Restored training weights
[generate] wrote predictions for 83/96 samples
Baseline Video Generation: Switched to EMA weights
Baseline Video Generation: Restored training weights
[generate] wrote predictions for 84/96 samples
Baseline Video Generation: Switched to EMA weights
Baseline Video Generation: Restored training weights
[generate] wrote predictions for 85/96 samples
Baseline Video Generation: Switched to EMA weights
Baseline Video Generation: Restored training weights
[generate] wrote predictions for 86/96 samples
Baseline Video Generation: Switched to EMA weights
Baseline Video Generation: Restored training weights
[generate] wrote predictions for 87/96 samples
Baseline Video Generation: Switched to EMA weights
Baseline Video Generation: Restored training weights
[generate] wrote predictions for 88/96 samples
Baseline Video Generation: Switched to EMA weights
Baseline Video Generation: Restored training weights
[generate] wrote predictions for 89/96 samples
Baseline Video Generation: Switched to EMA weights
Baseline Video Generation: Restored training weights
[generate] wrote predictions for 90/96 samples
Baseline Video Generation: Switched to EMA weights
Baseline Video Generation: Restored training weights
[generate] wrote predictions for 91/96 samples
Baseline Video Generation: Switched to EMA weights
Baseline Video Generation: Restored training weights
[generate] wrote predictions for 92/96 samples
Baseline Video Generation: Switched to EMA weights
Baseline Video Generation: Restored training weights
[generate] wrote predictions for 93/96 samples
Baseline Video Generation: Switched to EMA weights
Baseline Video Generation: Restored training weights
[generate] wrote predictions for 94/96 samples
Baseline Video Generation: Switched to EMA weights
Baseline Video Generation: Restored training weights
[generate] wrote predictions for 95/96 samples
Baseline Video Generation: Switched to EMA weights
Baseline Video Generation: Restored training weights
[generate] wrote predictions for 96/96 samples
/home/rils/dlacksdn/miniconda3/envs/wm/lib/python3.10/site-packages/torchvision/io/image.py:14: UserWarning: Failed to load image Python extension: 'libpng16.ca116d9f.so.16: cannot open shared object file: No such file or directory'If you don't plan on using image functionality from `torchvision.io`, you can ignore this warning. Otherwise, there might be something wrong with your environment. Did you have `libjpeg` or `libpng` installed before building `torchvision` from source?
  warn(
/home/rils/dlacksdn/miniconda3/envs/wm/lib/python3.10/site-packages/timm/models/layers/__init__.py:49: FutureWarning: Importing from timm.models.layers is deprecated, please import via timm.layers
  warnings.warn(f"Importing from {__name__} is deprecated, please import via timm.layers", FutureWarning)
/home/rils/inha_challenge_datasets/baseline/challenge_kit/scripts/inference/generate_baseline_videos.py:82: FutureWarning: `torch.cuda.amp.autocast(args...)` is deprecated. Please use `torch.amp.autocast('cuda', args...)` instead.
  amp_context = torch.cuda.amp.autocast() if args.precision == 16 and device.type == "cuda" else nullcontext()
/home/rils/dlacksdn/miniconda3/envs/wm/lib/python3.10/site-packages/torchvision/io/_video_deprecation_warning.py:5: UserWarning: The video decoding and encoding capabilities of torchvision are deprecated from version 0.22 and will be removed in version 0.24. We recommend that you migrate to TorchCodec, where we'll consolidate the future decoding/encoding capabilities of PyTorch: https://github.com/pytorch/torchcodec
  warnings.warn(
[sweep] 생성 완료: 96 mp4, 454s
[m0] 채점 모델 로딩 (submission_kit=open/submission_kit) ...
[m0] 채점 중: base_cfg30  (/home/rils/dlacksdn/2026_Inha_AI_challenge_WM/artifacts/m3/partA/cfg30)

==============================================================================
M0 바닥값 (n=96, seed=0)  — 0에 가까울수록 좋음
==============================================================================
predictor         DINO(favg)  DINO(flat)     Video    Action  TOTAL(favg)
------------------------------------------------------------------------------
base_cfg30           0.57973     0.57925   0.23600   1.19436      0.72247
------------------------------------------------------------------------------

[Action 차원별 정규화 MAE]  dims=[pan, lift, elbow, wflex, wroll, grip]
  base_cfg30       1.11  1.86  1.52  0.74  0.99  0.93

[m0] 리포트 저장: /home/rils/dlacksdn/2026_Inha_AI_challenge_WM/results/m3/partA/cfg30/m0_report.json
/home/rils/dlacksdn/miniconda3/envs/wm/lib/python3.10/site-packages/torchvision/io/image.py:14: UserWarning: Failed to load image Python extension: 'libpng16.ca116d9f.so.16: cannot open shared object file: No such file or directory'If you don't plan on using image functionality from `torchvision.io`, you can ignore this warning. Otherwise, there might be something wrong with your environment. Did you have `libjpeg` or `libpng` installed before building `torchvision` from source?
  warn(
[sweep] 채점 완료: 57s (누적 511s)
==========================================================
[sweep] tag=40  λ=4.0  ckpt=baseline_diffusion.ckpt  -> /home/rils/dlacksdn/2026_Inha_AI_challenge_WM/artifacts/m3/partA/cfg40
==========================================================
AE working on z of shape (1, 4, 32, 32) = 4096 dimensions.
Baseline Video Generation: Switched to EMA weights
Baseline Video Generation: Restored training weights
[generate] wrote predictions for 1/96 samples
Baseline Video Generation: Switched to EMA weights
Baseline Video Generation: Restored training weights
[generate] wrote predictions for 2/96 samples
Baseline Video Generation: Switched to EMA weights
Baseline Video Generation: Restored training weights
[generate] wrote predictions for 3/96 samples
Baseline Video Generation: Switched to EMA weights
Baseline Video Generation: Restored training weights
[generate] wrote predictions for 4/96 samples
Baseline Video Generation: Switched to EMA weights
Baseline Video Generation: Restored training weights
[generate] wrote predictions for 5/96 samples
Baseline Video Generation: Switched to EMA weights
Baseline Video Generation: Restored training weights
[generate] wrote predictions for 6/96 samples
Baseline Video Generation: Switched to EMA weights
Baseline Video Generation: Restored training weights
[generate] wrote predictions for 7/96 samples
Baseline Video Generation: Switched to EMA weights
Baseline Video Generation: Restored training weights
[generate] wrote predictions for 8/96 samples
Baseline Video Generation: Switched to EMA weights
Baseline Video Generation: Restored training weights
[generate] wrote predictions for 9/96 samples
Baseline Video Generation: Switched to EMA weights
Baseline Video Generation: Restored training weights
[generate] wrote predictions for 10/96 samples
Baseline Video Generation: Switched to EMA weights
Baseline Video Generation: Restored training weights
[generate] wrote predictions for 11/96 samples
Baseline Video Generation: Switched to EMA weights
Baseline Video Generation: Restored training weights
[generate] wrote predictions for 12/96 samples
Baseline Video Generation: Switched to EMA weights
Baseline Video Generation: Restored training weights
[generate] wrote predictions for 13/96 samples
Baseline Video Generation: Switched to EMA weights
Baseline Video Generation: Restored training weights
[generate] wrote predictions for 14/96 samples
Baseline Video Generation: Switched to EMA weights
Baseline Video Generation: Restored training weights
[generate] wrote predictions for 15/96 samples
Baseline Video Generation: Switched to EMA weights
Baseline Video Generation: Restored training weights
[generate] wrote predictions for 16/96 samples
Baseline Video Generation: Switched to EMA weights
Baseline Video Generation: Restored training weights
[generate] wrote predictions for 17/96 samples
Baseline Video Generation: Switched to EMA weights
Baseline Video Generation: Restored training weights
[generate] wrote predictions for 18/96 samples
Baseline Video Generation: Switched to EMA weights
Baseline Video Generation: Restored training weights
[generate] wrote predictions for 19/96 samples
Baseline Video Generation: Switched to EMA weights
Baseline Video Generation: Restored training weights
[generate] wrote predictions for 20/96 samples
Baseline Video Generation: Switched to EMA weights
Baseline Video Generation: Restored training weights
[generate] wrote predictions for 21/96 samples
Baseline Video Generation: Switched to EMA weights
Baseline Video Generation: Restored training weights
[generate] wrote predictions for 22/96 samples
Baseline Video Generation: Switched to EMA weights
Baseline Video Generation: Restored training weights
[generate] wrote predictions for 23/96 samples
Baseline Video Generation: Switched to EMA weights
Baseline Video Generation: Restored training weights
[generate] wrote predictions for 24/96 samples
Baseline Video Generation: Switched to EMA weights
Baseline Video Generation: Restored training weights
[generate] wrote predictions for 25/96 samples
Baseline Video Generation: Switched to EMA weights
Baseline Video Generation: Restored training weights
[generate] wrote predictions for 26/96 samples
Baseline Video Generation: Switched to EMA weights
Baseline Video Generation: Restored training weights
[generate] wrote predictions for 27/96 samples
Baseline Video Generation: Switched to EMA weights
Baseline Video Generation: Restored training weights
[generate] wrote predictions for 28/96 samples
Baseline Video Generation: Switched to EMA weights
Baseline Video Generation: Restored training weights
[generate] wrote predictions for 29/96 samples
Baseline Video Generation: Switched to EMA weights
Baseline Video Generation: Restored training weights
[generate] wrote predictions for 30/96 samples
Baseline Video Generation: Switched to EMA weights
Baseline Video Generation: Restored training weights
[generate] wrote predictions for 31/96 samples
Baseline Video Generation: Switched to EMA weights
Baseline Video Generation: Restored training weights
[generate] wrote predictions for 32/96 samples
Baseline Video Generation: Switched to EMA weights
Baseline Video Generation: Restored training weights
[generate] wrote predictions for 33/96 samples
Baseline Video Generation: Switched to EMA weights
Baseline Video Generation: Restored training weights
[generate] wrote predictions for 34/96 samples
Baseline Video Generation: Switched to EMA weights
Baseline Video Generation: Restored training weights
[generate] wrote predictions for 35/96 samples
Baseline Video Generation: Switched to EMA weights
Baseline Video Generation: Restored training weights
[generate] wrote predictions for 36/96 samples
Baseline Video Generation: Switched to EMA weights
Baseline Video Generation: Restored training weights
[generate] wrote predictions for 37/96 samples
Baseline Video Generation: Switched to EMA weights
Baseline Video Generation: Restored training weights
[generate] wrote predictions for 38/96 samples
Baseline Video Generation: Switched to EMA weights
Baseline Video Generation: Restored training weights
[generate] wrote predictions for 39/96 samples
Baseline Video Generation: Switched to EMA weights
Baseline Video Generation: Restored training weights
[generate] wrote predictions for 40/96 samples
Baseline Video Generation: Switched to EMA weights
Baseline Video Generation: Restored training weights
[generate] wrote predictions for 41/96 samples
Baseline Video Generation: Switched to EMA weights
Baseline Video Generation: Restored training weights
[generate] wrote predictions for 42/96 samples
Baseline Video Generation: Switched to EMA weights
Baseline Video Generation: Restored training weights
[generate] wrote predictions for 43/96 samples
Baseline Video Generation: Switched to EMA weights
Baseline Video Generation: Restored training weights
[generate] wrote predictions for 44/96 samples
Baseline Video Generation: Switched to EMA weights
Baseline Video Generation: Restored training weights
[generate] wrote predictions for 45/96 samples
Baseline Video Generation: Switched to EMA weights
Baseline Video Generation: Restored training weights
[generate] wrote predictions for 46/96 samples
Baseline Video Generation: Switched to EMA weights
Baseline Video Generation: Restored training weights
[generate] wrote predictions for 47/96 samples
Baseline Video Generation: Switched to EMA weights
Baseline Video Generation: Restored training weights
[generate] wrote predictions for 48/96 samples
Baseline Video Generation: Switched to EMA weights
Baseline Video Generation: Restored training weights
[generate] wrote predictions for 49/96 samples
Baseline Video Generation: Switched to EMA weights
Baseline Video Generation: Restored training weights
[generate] wrote predictions for 50/96 samples
Baseline Video Generation: Switched to EMA weights
Baseline Video Generation: Restored training weights
[generate] wrote predictions for 51/96 samples
Baseline Video Generation: Switched to EMA weights
Baseline Video Generation: Restored training weights
[generate] wrote predictions for 52/96 samples
Baseline Video Generation: Switched to EMA weights
Baseline Video Generation: Restored training weights
[generate] wrote predictions for 53/96 samples
Baseline Video Generation: Switched to EMA weights
Baseline Video Generation: Restored training weights
[generate] wrote predictions for 54/96 samples
Baseline Video Generation: Switched to EMA weights
Baseline Video Generation: Restored training weights
[generate] wrote predictions for 55/96 samples
Baseline Video Generation: Switched to EMA weights
Baseline Video Generation: Restored training weights
[generate] wrote predictions for 56/96 samples
Baseline Video Generation: Switched to EMA weights
Baseline Video Generation: Restored training weights
[generate] wrote predictions for 57/96 samples
Baseline Video Generation: Switched to EMA weights
Baseline Video Generation: Restored training weights
[generate] wrote predictions for 58/96 samples
Baseline Video Generation: Switched to EMA weights
Baseline Video Generation: Restored training weights
[generate] wrote predictions for 59/96 samples
Baseline Video Generation: Switched to EMA weights
Baseline Video Generation: Restored training weights
[generate] wrote predictions for 60/96 samples
Baseline Video Generation: Switched to EMA weights
Baseline Video Generation: Restored training weights
[generate] wrote predictions for 61/96 samples
Baseline Video Generation: Switched to EMA weights
Baseline Video Generation: Restored training weights
[generate] wrote predictions for 62/96 samples
Baseline Video Generation: Switched to EMA weights
Baseline Video Generation: Restored training weights
[generate] wrote predictions for 63/96 samples
Baseline Video Generation: Switched to EMA weights
Baseline Video Generation: Restored training weights
[generate] wrote predictions for 64/96 samples
Baseline Video Generation: Switched to EMA weights
Baseline Video Generation: Restored training weights
[generate] wrote predictions for 65/96 samples
Baseline Video Generation: Switched to EMA weights
Baseline Video Generation: Restored training weights
[generate] wrote predictions for 66/96 samples
Baseline Video Generation: Switched to EMA weights
Baseline Video Generation: Restored training weights
[generate] wrote predictions for 67/96 samples
Baseline Video Generation: Switched to EMA weights
Baseline Video Generation: Restored training weights
[generate] wrote predictions for 68/96 samples
Baseline Video Generation: Switched to EMA weights
Baseline Video Generation: Restored training weights
[generate] wrote predictions for 69/96 samples
Baseline Video Generation: Switched to EMA weights
Baseline Video Generation: Restored training weights
[generate] wrote predictions for 70/96 samples
Baseline Video Generation: Switched to EMA weights
Baseline Video Generation: Restored training weights
[generate] wrote predictions for 71/96 samples
Baseline Video Generation: Switched to EMA weights
Baseline Video Generation: Restored training weights
[generate] wrote predictions for 72/96 samples
Baseline Video Generation: Switched to EMA weights
Baseline Video Generation: Restored training weights
[generate] wrote predictions for 73/96 samples
Baseline Video Generation: Switched to EMA weights
Baseline Video Generation: Restored training weights
[generate] wrote predictions for 74/96 samples
Baseline Video Generation: Switched to EMA weights
Baseline Video Generation: Restored training weights
[generate] wrote predictions for 75/96 samples
Baseline Video Generation: Switched to EMA weights
Baseline Video Generation: Restored training weights
[generate] wrote predictions for 76/96 samples
Baseline Video Generation: Switched to EMA weights
Baseline Video Generation: Restored training weights
[generate] wrote predictions for 77/96 samples
Baseline Video Generation: Switched to EMA weights
Baseline Video Generation: Restored training weights
[generate] wrote predictions for 78/96 samples
Baseline Video Generation: Switched to EMA weights
Baseline Video Generation: Restored training weights
[generate] wrote predictions for 79/96 samples
Baseline Video Generation: Switched to EMA weights
Baseline Video Generation: Restored training weights
[generate] wrote predictions for 80/96 samples
Baseline Video Generation: Switched to EMA weights
Baseline Video Generation: Restored training weights
[generate] wrote predictions for 81/96 samples
Baseline Video Generation: Switched to EMA weights
Baseline Video Generation: Restored training weights
[generate] wrote predictions for 82/96 samples
Baseline Video Generation: Switched to EMA weights
Baseline Video Generation: Restored training weights
[generate] wrote predictions for 83/96 samples
Baseline Video Generation: Switched to EMA weights
Baseline Video Generation: Restored training weights
[generate] wrote predictions for 84/96 samples
Baseline Video Generation: Switched to EMA weights
Baseline Video Generation: Restored training weights
[generate] wrote predictions for 85/96 samples
Baseline Video Generation: Switched to EMA weights
Baseline Video Generation: Restored training weights
[generate] wrote predictions for 86/96 samples
Baseline Video Generation: Switched to EMA weights
Baseline Video Generation: Restored training weights
[generate] wrote predictions for 87/96 samples
Baseline Video Generation: Switched to EMA weights
Baseline Video Generation: Restored training weights
[generate] wrote predictions for 88/96 samples
Baseline Video Generation: Switched to EMA weights
Baseline Video Generation: Restored training weights
[generate] wrote predictions for 89/96 samples
Baseline Video Generation: Switched to EMA weights
Baseline Video Generation: Restored training weights
[generate] wrote predictions for 90/96 samples
Baseline Video Generation: Switched to EMA weights
Baseline Video Generation: Restored training weights
[generate] wrote predictions for 91/96 samples
Baseline Video Generation: Switched to EMA weights
Baseline Video Generation: Restored training weights
[generate] wrote predictions for 92/96 samples
Baseline Video Generation: Switched to EMA weights
Baseline Video Generation: Restored training weights
[generate] wrote predictions for 93/96 samples
Baseline Video Generation: Switched to EMA weights
Baseline Video Generation: Restored training weights
[generate] wrote predictions for 94/96 samples
Baseline Video Generation: Switched to EMA weights
Baseline Video Generation: Restored training weights
[generate] wrote predictions for 95/96 samples
Baseline Video Generation: Switched to EMA weights
Baseline Video Generation: Restored training weights
[generate] wrote predictions for 96/96 samples
/home/rils/dlacksdn/miniconda3/envs/wm/lib/python3.10/site-packages/torchvision/io/image.py:14: UserWarning: Failed to load image Python extension: 'libpng16.ca116d9f.so.16: cannot open shared object file: No such file or directory'If you don't plan on using image functionality from `torchvision.io`, you can ignore this warning. Otherwise, there might be something wrong with your environment. Did you have `libjpeg` or `libpng` installed before building `torchvision` from source?
  warn(
/home/rils/dlacksdn/miniconda3/envs/wm/lib/python3.10/site-packages/timm/models/layers/__init__.py:49: FutureWarning: Importing from timm.models.layers is deprecated, please import via timm.layers
  warnings.warn(f"Importing from {__name__} is deprecated, please import via timm.layers", FutureWarning)
/home/rils/inha_challenge_datasets/baseline/challenge_kit/scripts/inference/generate_baseline_videos.py:82: FutureWarning: `torch.cuda.amp.autocast(args...)` is deprecated. Please use `torch.amp.autocast('cuda', args...)` instead.
  amp_context = torch.cuda.amp.autocast() if args.precision == 16 and device.type == "cuda" else nullcontext()
/home/rils/dlacksdn/miniconda3/envs/wm/lib/python3.10/site-packages/torchvision/io/_video_deprecation_warning.py:5: UserWarning: The video decoding and encoding capabilities of torchvision are deprecated from version 0.22 and will be removed in version 0.24. We recommend that you migrate to TorchCodec, where we'll consolidate the future decoding/encoding capabilities of PyTorch: https://github.com/pytorch/torchcodec
  warnings.warn(
[sweep] 생성 완료: 96 mp4, 455s
[m0] 채점 모델 로딩 (submission_kit=open/submission_kit) ...
[m0] 채점 중: base_cfg40  (/home/rils/dlacksdn/2026_Inha_AI_challenge_WM/artifacts/m3/partA/cfg40)

==============================================================================
M0 바닥값 (n=96, seed=0)  — 0에 가까울수록 좋음
==============================================================================
predictor         DINO(favg)  DINO(flat)     Video    Action  TOTAL(favg)
------------------------------------------------------------------------------
base_cfg40           0.59587     0.59542   0.24831   1.19430      0.73098
------------------------------------------------------------------------------

[Action 차원별 정규화 MAE]  dims=[pan, lift, elbow, wflex, wroll, grip]
  base_cfg40       1.10  1.84  1.53  0.75  1.00  0.95

[m0] 리포트 저장: /home/rils/dlacksdn/2026_Inha_AI_challenge_WM/results/m3/partA/cfg40/m0_report.json
/home/rils/dlacksdn/miniconda3/envs/wm/lib/python3.10/site-packages/torchvision/io/image.py:14: UserWarning: Failed to load image Python extension: 'libpng16.ca116d9f.so.16: cannot open shared object file: No such file or directory'If you don't plan on using image functionality from `torchvision.io`, you can ignore this warning. Otherwise, there might be something wrong with your environment. Did you have `libjpeg` or `libpng` installed before building `torchvision` from source?
  warn(
[sweep] 채점 완료: 56s (누적 511s)
[sweep] 전체 완료. 점수 요약:

============================================================================================
[/home/rils/dlacksdn/2026_Inha_AI_challenge_WM/results/m3/partA]  λ-CFG 반응 곡선  (0에 가까울수록 좋음; 괄호=static 대비 Δ)
============================================================================================
    λ name                      DINO(favg)             Video    Action             TOTAL
--------------------------------------------------------------------------------------------
   -- static(기준)                   0.12304           0.09113   1.24017           0.56032
   -- gt(상한)                       0.00000           0.00000   1.22278           0.48911
--------------------------------------------------------------------------------------------
  1.0 base_cfg10           0.54968(+0.427)   0.21534(+0.124)   1.19163   0.70616(+0.146)
  1.5 base_cfg15           0.55740(+0.434)   0.22031(+0.129)   1.19324   0.71061(+0.150)
  2.0 base_cfg20           0.56364(+0.441)   0.22521(+0.134)   1.19285   0.71379(+0.153)
  2.5 base_cfg25           0.57144(+0.448)   0.23078(+0.140)   1.19648   0.71926(+0.159)
  3.0 base_cfg30           0.57973(+0.457)   0.23600(+0.145)   1.19436   0.72247(+0.162)
  4.0 base_cfg40           0.59587(+0.473)   0.24831(+0.157)   1.19430   0.73098(+0.171)
--------------------------------------------------------------------------------------------
[최선] λ=1.0 → TOTAL 0.70616 (static 0.56032 대비 +0.14584)
       static를 넘는가?  TOTAL:아니오  DINO:아니오  Video:아니오
